target,modal,agreement,source,id,synonym_of_id,modal_with_spaces
50dollarsbill.jpg,50bill,37,boss,1,,50 bill
alarmclock.jpg,alarmclock,44,boss,2,,alarm clock
almonds.jpg,almonds,72,boss,3,,almonds
antenna.jpg,antenna,74,boss,4,,antenna
ashtray01.jpg,ashtray,92,boss,5,,ash tray
avocado.jpg,avocado,89,boss,6,,avocado
babybottle.jpg,babybottle,29,boss,7,,baby bottle
babyseat.jpg,babyseat,31,boss,8,,baby seat
bagel.jpg,bagel,87,boss,9,,bagel
balloon01b.jpg,balloon,87,boss,10,,balloon
banana.jpg,banana,100,boss,11,,banana
bandage.jpg,bandage,42,boss,12,,bandage
baseball01a.jpg,baseball,87,boss,13,,baseball
battery02b.jpg,battery,95,boss,14,,battery
beermug01a.jpg,beermug,26,boss,15,,beer mug
belt02a.jpg,belt,95,boss,16,,belt
bib.jpg,bib,84,boss,17,,bib
binder03b.jpg,binder,68,boss,18,,binder
binoculars01b.jpg,binoculars,97,boss,19,,binoculars
birdie.jpg,birdie,38,boss,20,,birdie
blackberry.jpg,blackberry,70,boss,21,,blackberry
blueberry01.jpg,blueberry,94,boss,22,,blueberry
book01b.jpg,book,90,boss,23,,book
boot02b.jpg,boot,82,boss,24,,boot
bottlecap.jpg,bottlecap,86,boss,25,,bottle cap
bottleopener01.jpg,bottleopener,69,boss,26,,bottle opener
bowl02.jpg,bowl,85,boss,27,,bowl
boxcutter03a.jpg,exactoknife,41,boss,28,,exacto knife
bracket01.jpg,bracket,28,boss,29,,bracket
branch02.jpg,branch,40,boss,30,,branch
brick.jpg,brick,100,boss,31,,brick
broccoli01a.jpg,broccoli,97,boss,32,,broccoli
brooch.jpg,brooch,52,boss,33,,brooch
broom.jpg,broom,94,boss,34,,broom
brush05b.jpg,brush,64,boss,35,,brush
brusselssprout.jpg,brusselssprout,31,boss,36,,brussels sprout
bubbleblower.jpg,bubbles,23,boss,37,,bubbles
bucket01a.jpg,bucket,58,boss,38,,bucket
bungeecord02.jpg,bungeecord,48,boss,39,,bungee cord
butterdish.jpg,butterdish,52,boss,40,,butter dish
button01.jpg,button,100,boss,41,,button
cabbage.jpg,cabbage,76,boss,42,,cabbage
cable01.jpg,cable,28,boss,43,,cable
calculator01.jpg,calculator,100,boss,44,,calculator
camera01a.jpg,camera,82,boss,45,,camera
cameracase01a.jpg,cameracase,26,boss,46,,camera case
candle01.jpg,candle,100,boss,47,,candle
candleholder01.jpg,candleholder,54,boss,48,,candle holder
candy.jpg,candy,95,boss,49,,candy
cane.jpg,cane,71,boss,50,,cane
cantaloupe.jpg,cantaloupe,58,boss,51,,cantaloupe
carkeys.jpg,carkeys,66,boss,52,,carkeys
carrot.jpg,carrot,97,boss,53,,carrot
cassettetape01a.jpg,cassettetape,35,boss,54,,cassette tape
cauliflower.jpg,cauliflower,95,boss,55,,cauliflower
caulking.jpg,caulking,46,boss,56,,caulking
CD.jpg,cd,92,boss,57,,cd
celery.jpg,celery,100,boss,58,,celery
cell phone.jpg,cellphone,85,boss,59,,cellphone
chalk.jpg,chalk,100,boss,60,,chalk
chalkboard.jpg,chalkboard,35,boss,61,,chalk board
champagne.jpg,champagne,41,boss,62,,champagne
cherries.jpg,cherries,100,boss,63,,cherries
chessboard.jpg,chessboard,34,boss,64,,chess board
chisel02b.jpg,chisel,53,boss,65,,chisel
christmasball.jpg,christmasball,37,boss,66,,christmas ball
cigarette.jpg,cigarette,95,boss,67,,cigarette
circuitboard.jpg,motherboard,26,boss,68,,motherboard
clipboard.jpg,clipboard,79,boss,69,,clipboard
clock01a.jpg,clock,92,boss,70,,clock
coconut.jpg,coconut,89,boss,71,,coconut
coffeebeans.jpg,coffeebeans,79,boss,72,,coffee beans
coffeepot03a.jpg,coffeepot,50,boss,73,,coffee pot
coins01b.jpg,coins,62,boss,74,,coins
comb02a.jpg,comb,87,boss,75,,comb
compactpowder.jpg,compact,26,boss,76,,compact
condom.jpg,condom,100,boss,77,,condom
cookiecutter.jpg,cookiecutter,71,boss,78,,cookie cutter
cooler.jpg,cooler,63,boss,79,,cooler
cottonpad.jpg,cottonpad,31,boss,80,,cotton pad
cracker02.jpg,cracker,72,boss,81,,cracker
crayon.jpg,crayon,82,boss,82,,crayon
croissant.jpg,croissant,89,boss,83,,croissant
cuttingboard.jpg,cuttingboard,48,boss,84,,cutting board
dentalfloss03b.jpg,dentalfloss,50,boss,85,,dental floss
deodorant02a.jpg,deodorant,86,boss,86,,deodorant
dice05a.jpg,dice,97,boss,87,,dice
dishsoap.jpg,dishsoap,42,boss,88,,dish soap
diskette02a.jpg,floppydisk,30,boss,89,,floppy disk
divider02.jpg,divider,28,boss,90,,divider
doll.jpg,doll,78,boss,91,,doll
drillbit03a.jpg,drillbit,66,boss,92,,drill bit
dropper.jpg,dropper,72,boss,93,,dropper
dustpan.jpg,dustpan,82,boss,94,,dustpan
earrings01.jpg,earrings,100,boss,95,,earrings
electricrazor.jpg,electricrazor,47,boss,96,,electric razor
endive.jpg,endive,57,boss,97,,endive
englishmuffin.jpg,englishmuffin,53,boss,98,,english muffin
envelope03a.jpg,envelope,100,boss,99,,envelope
eraser.jpg,eraser,92,boss,100,,eraser
exercisebench.jpg,exercisebench,27,boss,101,,exercise bench
extensioncord.jpg,extensioncord,43,boss,102,,extension cord
eyedrops.jpg,eyedrops,23,boss,103,,eye drops
fan.jpg,fan,89,boss,104,,fan
feather03a.jpg,feather,100,boss,105,,feather
filmroll.jpg,film,46,boss,106,,film
fireextinguisher.jpg,fireextinguisher,67,boss,107,,fire extinguisher
fishinghook03.jpg,fishinghook,50,boss,108,,fishing hook
flashlight02b.jpg,flashlight,75,boss,109,,flashlight
flyswatter.jpg,flyswatter,90,boss,110,,fly swatter
fonduefork.jpg,fonduefork,25,boss,111,,fondue fork
fork03c.jpg,fork,97,boss,112,,fork
gamepiece.jpg,gamepiece,22,boss,113,,game piece
garlic01a.jpg,garlic,87,boss,114,,garlic
garlicpress02a.jpg,garlicpress,57,boss,115,,garlic press
giftbag01a.jpg,giftbag,39,boss,116,,gift bag
ginger.jpg,ginger,89,boss,117,,ginger
glass02a.jpg,plasticcup,27,boss,118,,plastic cup
gluestick.jpg,gluestick,58,boss,119,,glue stick
gluetube.jpg,glue,38,boss,120,,glue
grater01a.jpg,grater,52,boss,121,,grater
greenbeans01.jpg,greenbeans,26,boss,122,,green beans
greenonion.jpg,greenonion,46,boss,123,,green onion
gum.jpg,gum,44,boss,124,,gum
hairband.jpg,hairband,52,boss,125,,hairband
hairclip02.jpg,hairclip,70,boss,126,,hair clip
hairclipper.jpg,hairclipper,22,boss,127,,hair clipper
hairdryer02a.jpg,hairdryer,68,boss,128,,hair dryer
hairpin.jpg,hairpin,43,boss,129,,hairpin
hammer01.jpg,hammer,100,boss,130,,hammer
hanger02a.jpg,hanger,78,boss,131,,hanger
headphones02b.jpg,headphones,71,boss,132,,headphones
holepunch02.jpg,holepunch,55,boss,133,,hole punch
holepunch04.jpg,holepuncher,29,boss,134,,holepuncher
honeydewmelon.jpg,melon,67,boss,135,,melon
hosenozzle.jpg,hosenozzle,46,boss,136,,hose nozzle
hourglass.jpg,hourglass,41,boss,137,,hourglass
icecubetray01a.jpg,icecubetray,55,boss,138,,ice cube tray
icepack.jpg,icepack,74,boss,139,,ice pack
iron01b.jpg,iron,92,boss,140,,iron
jewelrybox01b.jpg,jewelrybox,39,boss,141,,jewelry box
kettle01.jpg,kettle,68,boss,142,,kettle
key01.jpg,key,97,boss,143,,key
keyboard02.jpg,keyboard,89,boss,144,,keyboard
keychain.jpg,keychain,50,boss,145,,keychain
kleenexbox01b.jpg,kleenexbox,26,boss,146,,kleenex box
knife05.jpg,knife,87,boss,147,,knife
lamp04a.jpg,lamp,92,boss,148,,lamp
laptop01a.jpg,laptop,74,boss,149,,laptop
leaf02a.jpg,leaf,97,boss,150,,leaf
lego03b.jpg,lego,30,boss,151,,lego
lemon02.jpg,lemon,100,boss,152,,lemon
level03a.jpg,level,74,boss,153,,level
lifejacket.jpg,lifejacket,68,boss,154,,life jacket
lighter01.jpg,lighter,95,boss,155,,lighter
lime.jpg,lime,81,boss,156,,lime
lintbrush.jpg,lintbrush,56,boss,157,,lint brush
lipstick02a.jpg,lipstick,97,boss,158,,lipstick
log.jpg,log,36,boss,159,,log
lunchbox.jpg,lunchbox,51,boss,160,,lunch box
magnifyingglass01b.jpg,magnifyingglass,82,boss,161,,magnifying glass
makeupbrush04.jpg,makeupbrush,45,boss,162,,makeup brush
mango.jpg,mango,59,boss,163,,mango
manshoe.jpg,shoe,77,boss,164,,shoe
marker01a.jpg,marker,82,boss,165,,marker
mascarabrush.jpg,mascarabrush,26,boss,166,,mascara brush
measuringcup01.jpg,measuringcup,95,boss,167,,measuring cup
measuringtape01.jpg,measuringtape,78,boss,168,,measuring tape
melbatoast.jpg,melbatoast,43,boss,169,,melba toast
metronome.jpg,metronome,62,boss,170,,metronome
microscope.jpg,microscope,97,boss,171,,microscope
milkcontainer.jpg,milkcontainer,27,boss,172,,milk container
mitten04.jpg,mitten,67,boss,173,,mitten
moccasin.jpg,moccasin,46,boss,174,,moccasin
monitor.jpg,monitor,45,boss,175,,monitor
mousetrap.jpg,mousetrap,94,boss,176,,mousetrap
muffintin02.jpg,muffintin,23,boss,177,,muffin tin
mushroom01.jpg,mushroom,100,boss,178,,mushroom
nail.jpg,nail,78,boss,179,,nail
nailclipper03b.jpg,nailclipper,86,boss,180,,nail clipper
nailpolish03b.jpg,nailpolish,81,boss,181,,nail polish
notebook03a.jpg,notebook,61,boss,182,,notebook
number3.jpg,number3,20,boss,183,,number 3
nutcraker.jpg,nutcracker,93,boss,184,,nutcracker
olive.jpg,olive,89,boss,185,,olive
onion.jpg,onion,100,boss,186,,onion
orange.jpg,orange,100,boss,187,,orange
orangejuice.jpg,orangejuice,33,boss,188,,orange juice
overalls.jpg,overalls,38,boss,189,,overalls
pacifier02d.jpg,pacifier,37,boss,190,,pacifier
paintbrush01.jpg,paintbrush,92,boss,191,,paint brush
paintcan.jpg,paintcan,59,boss,192,,paint can
paintroller01.jpg,paintroller,77,boss,193,,paint roller
painttray.jpg,painttray,39,boss,194,,paint tray
papertowel.jpg,papertowel,39,boss,195,,paper towel
partyhat.jpg,partyhat,73,boss,196,,party hat
pasta03a.jpg,pasta,62,boss,197,,pasta
PDA.jpg,pda,26,boss,198,,pda
pear01.jpg,pear,100,boss,199,,pear
pen04b.jpg,pen,90,boss,200,,pen
pencilcase.jpg,pencilcase,72,boss,201,,pencil case
pepper04a.jpg,redpepper,45,boss,202,,red pepper
peppermill02b.jpg,peppermill,39,boss,203,,pepper mill
perfume01a.jpg,perfume,54,boss,204,,perfume
petcarrier.jpg,animalcage,22,boss,205,,animal cage
pickle.jpg,pickle,66,boss,206,,pickle
pictureframe04.jpg,pictureframe,71,boss,207,,picture frame
pill.jpg,pill,72,boss,208,,pill
pillbottle.jpg,pills,59,boss,209,,pills
pillow01a.jpg,pillow,84,boss,210,,pillow
pineapple01a.jpg,pineapple,100,boss,211,,pineapple
pinecone01.jpg,pinecone,53,boss,212,,pinecone
pingpongracket.jpg,pingpongracket,38,boss,213,,ping pong racket
pitabread.jpg,pitabread,68,boss,214,,pita bread
plant01.jpg,plant,84,boss,215,,plant
plate01b.jpg,plate,92,boss,216,,plate
playingcard04.jpg,playingcard,59,boss,217,,playing card
plugs.jpg,plugs,34,boss,218,,plugs
plum.jpg,plum,86,boss,219,,plum
plunger02.jpg,plunger,84,boss,220,,plunger
potato02b.jpg,potato,100,boss,221,,potato
potatomasher03b.jpg,potatomasher,47,boss,222,,potato masher
powercable.jpg,cables,24,boss,223,,cables
printer02.jpg,printer,87,boss,224,,printer
propanetank.jpg,propanetank,45,boss,225,,propane tank
protractor.jpg,protractor,46,boss,226,,protractor
puzzlepiece.jpg,puzzlepiece,76,boss,227,,puzzle piece
pylon.jpg,pylon,45,boss,228,,pylon
qtip.jpg,qtip,72,boss,229,,qtip
raisins.jpg,raisins,74,boss,230,,raisins
rasberry01.jpg,rasberry,86,boss,231,,rasberry
rearviewmirror.jpg,rearviewmirror,42,boss,232,,rearview mirror
reflector.jpg,reflector,26,boss,233,,reflector
relish.jpg,relish,61,boss,234,,relish
remotecontrol04.jpg,remotecontrol,64,boss,235,,remote control
ribbon03a.jpg,lace,54,boss,236,,lace
ribbon04.jpg,ribbon,77,boss,237,,ribbon
rice.jpg,rice,92,boss,238,,rice
ring01.jpg,ring,100,boss,239,,ring
rock01a.jpg,rock,64,boss,240,,rock
rope03.jpg,rope,86,boss,241,,rope
rubberband01.jpg,rubberband,38,boss,242,,rubberband
ruler05.jpg,ruler,100,boss,243,,ruler
sand.jpg,sand,43,boss,244,,sand
sandal.jpg,sandal,92,boss,245,,sandal
saw02b.jpg,saw,89,boss,246,,saw
scale01a.jpg,scale,84,boss,247,,scale
scarf.jpg,scarf,95,boss,248,,scarf
scissors01.jpg,scissors,100,boss,249,,scissors
scotchtape.jpg,scotchtape,43,boss,250,,scotch tape
screw02.jpg,screw,100,boss,251,,screw
screwdriver04b.jpg,screwdriver,95,boss,252,,screw driver
seashell.jpg,seashell,50,boss,253,,seashell
shoelace.jpg,shoelace,86,boss,254,,shoelace
shorts.jpg,shorts,74,boss,255,,shorts
snowpeas01.jpg,snowpeas,35,boss,256,,snow peas
soap03a.jpg,soap,79,boss,257,,soap
soapdispenser01.jpg,soapdispenser,34,boss,258,,soap dispenser
sock01a.jpg,sock,87,boss,259,,sock
soil.jpg,dirt,39,boss,260,,dirt
speaker04.jpg,speaker,87,boss,261,,speaker
sponge01.jpg,sponge,90,boss,262,,sponge
spoon01.jpg,spoon,92,boss,263,,spoon
sportbag.jpg,bag,56,boss,264,,bag
spraybottle01.jpg,spraybottle,61,boss,265,,spray bottle
spraycan.jpg,spraycan,30,boss,266,,spray can
squeegee01b.jpg,squeegee,59,boss,267,,squeegee
stackingrings01a.jpg,toy,43,boss,268,,toy
stapler03a.jpg,stapler,95,boss,269,,stapler
stapleremover.jpg,stapleremover,81,boss,270,,staple remover
staples.jpg,staples,97,boss,271,,staples
starfish.jpg,starfish,74,boss,272,,starfish
straw.jpg,straw,83,boss,273,,straw
strawbasket01.jpg,basket,81,boss,274,,basket
strawberry.jpg,strawberry,100,boss,275,,strawberry
styrofoamcup.jpg,styrofoamcup,47,boss,276,,styrofoam cup
sunglasses04.jpg,sunglasses,90,boss,277,,sunglasses
swimgoggles.jpg,goggles,62,boss,278,,goggles
syringe01.jpg,syringe,61,boss,279,,syringe
tampon.jpg,tampon,94,boss,280,,tampon
teabag.jpg,teabag,95,boss,281,,teabag
teddybear02b.jpg,teddybear,72,boss,282,,teddy bear
telephone01b.jpg,telephone,51,boss,283,,telephone
tennisball01b.jpg,tennisball,95,boss,284,,tennis ball
thermometer02b.jpg,thermometer,97,boss,285,,thermometer
thread02.jpg,thread,65,boss,286,,thread
thumbtack02a.jpg,thumbtack,39,boss,287,,thumbtack
tile.jpg,tile,91,boss,288,,tile
toast.jpg,toast,74,boss,289,,toast
toaster.jpg,toaster,97,boss,290,,toaster
toiletpaper01a.jpg,toiletpaper,92,boss,291,,toilet paper
tomato01.jpg,tomato,100,boss,292,,tomato
tomatojuice.jpg,tomatojuice,42,boss,293,,tomato juice
tongs01b.jpg,tongs,79,boss,294,,tongs
toothbrush03b.jpg,toothbrush,100,boss,295,,toothbrush
toothpaste.jpg,toothpaste,57,boss,296,,toothpaste
toothpick02.jpg,toothpick,81,boss,297,,toothpick
tortilla.jpg,tortilla,30,boss,298,,tortilla
towel01.jpg,towel,34,boss,299,,towel
toycow.jpg,toycow,55,boss,300,,toy cow
toydinosaur.jpg,toydinosaur,55,boss,301,,toy dinosaur
toytank.jpg,toytank,50,boss,302,,toy tank
tray.jpg,tray,48,boss,303,,tray
tshirt.jpg,tshirt,82,boss,304,,tshirt
tube.jpg,tube,52,boss,305,,tube
tupperware03a.jpg,tupperware,56,boss,306,,tupperware
tuque03a.jpg,tuque,39,boss,307,,tuque
umbrella04.jpg,umbrella,100,boss,308,,umbrella
usbkey.jpg,usbkey,22,boss,309,,usb key
vase01.jpg,vase,84,boss,310,,vase
vhstape.jpg,vhstape,26,boss,311,,vhs tape
videocamera01a.jpg,videocamera,42,boss,312,,video camera
violin.jpg,violin,97,boss,313,,violin
visegrippliers.jpg,visegrip,29,boss,314,,vise grip
walkman.jpg,walkman,49,boss,315,,walkman
waterbottle03.jpg,waterbottle,72,boss,316,,water bottle
weight01.jpg,weight,54,boss,317,,weight
wheel01.jpg,wheel,82,boss,318,,wheel
whisk.jpg,whisk,71,boss,319,,whisk
winebottle01.jpg,winebottle,68,boss,320,,wine bottle
wineglass01.jpg,wineglass,59,boss,321,,wine glass
winerack.jpg,winerack,58,boss,322,,wine rack
wire.jpg,wire,44,boss,323,,wire
wood.jpg,wood,33,boss,324,,wood
woodenspoon.jpg,woodenspoon,54,boss,325,,wooden spoon
workingglove02c.jpg,glove,64,boss,326,,glove
yarn.jpg,yarn,41,boss,327,,yarn
ziplocbag.jpg,plasticbag,33,boss,328,,plastic bag
zucchini01.jpg,zucchini,79,boss,329,,zucchini
8ball,8ball,49,brodeur,330,,8 ball
accordion01,accordion,97,brodeur,331,,accordion
accousticguitar02,guitar,71,brodeur,332,,guitar
ace,aceofdiamond,26,brodeur,333,,ace of diamond
acorn,acorn,79,brodeur,334,,acorn
addressplaque,address,18,brodeur,335,,address
africanelephant,elephant,95,brodeur,336,,elephant
airconditioner,airconditioner,53,brodeur,337,,air conditioner
airgrating,vent,50,brodeur,338,,vent
airhockeytable,airhockeytable,79,brodeur,339,,air hockey table
alarmsystem,alarmsystem,21,brodeur,340,,alarm system
aluminiumfoil,aluminumfoil,46,brodeur,341,,aluminum foil
anchor,anchor,93,brodeur,342,,anchor
angelstatue,angelstatue,41,brodeur,343,,angel statue
antelope,antelope,32,brodeur,344,,antelope
antlers,antlers,73,brodeur,345,,antlers
applesauce,applesaucejar,26,brodeur,346,,applesauce jar
apron,apron,95,brodeur,347,,apron
aquarium,aquarium,57,brodeur,348,,aquarium
armadillo,armadillo,88,brodeur,349,,armadillo
atm,atm,48,brodeur,350,,atm
awning,awning,59,brodeur,351,,awning
backfloatie,floatationdeviceforchild,11,brodeur,352,,floatation device for child
bacon,bacon,77,brodeur,353,,bacon
badge01a,nametag,33,brodeur,354,,name tag
badger,badger,54,brodeur,355,,badger
badmintonracket,badmintonracket,76,brodeur,356,,badminton racket
ballofstring,string,31,brodeur,357,,string
banjo,banjo,95,brodeur,358,,banjo
barbwire01,barbedwire,68,brodeur,359,,barbed wire
barchime,chimes,67,brodeur,360,,chimes
barn,barn,71,brodeur,361,,barn
baseballbat,baseballbat,81,brodeur,362,,baseball bat
baseballglove,baseballglove,62,brodeur,363,,baseball glove
baseboard,molding,20,brodeur,364,,molding
basketball,basketball,95,brodeur,365,,basketball
basketballnet01,basketballhoop,38,brodeur,366,,basketball hoop
battleship,battleship,38,brodeur,367,,battleship
bazooka,bazooka,35,brodeur,368,,bazooka
bbq03,barbecue,36,brodeur,369,,barbecue
beachpaddle01a,pingpongpaddle,31,brodeur,370,,ping pong paddle
beaconbuoy,buoy,62,brodeur,371,,buoy
beaver,beaver,100,brodeur,372,,beaver
bed,bed,81,brodeur,373,,bed
beehive,beehive,63,brodeur,374,,beehive
beerbottle,beerbottle,88,brodeur,375,,beer bottle
belltower01,churchtower,21,brodeur,376,,church tower
beluga,belugawhale,51,brodeur,377,,beluga whale
bench01,bench,76,brodeur,378,,bench
beret01,beret,54,brodeur,379,,beret
bicycle,bike,43,brodeur,380,,bike
bicyclelock,bikelock,57,brodeur,381,,bikelock
bicyclepump01,airpump,37,brodeur,382,,air pump
bicyclerack,bikerack,19,brodeur,383,,bike rack
bicyclewheel,bikewheel,26,brodeur,384,,bike wheel
birdfeeder,birdfeeder,82,brodeur,385,,bird feeder
birdhouse,birdhouse,93,brodeur,386,,birdhouse
birdseeds,birdfood,19,brodeur,387,,bird food
bison,buffalo,64,brodeur,388,,buffalo
blackolives,olives,60,brodeur,389,,olives
bleachers,bleachers,70,brodeur,390,,bleachers
blender,blender,93,brodeur,391,,blender
bluecheese,bluecheese,54,brodeur,392,,blue cheese
bluejay,bluejay,78,brodeur,393,,blue jay
boatmotor,boatmotor,36,brodeur,394,,boat motor
bolt01a,bolt,57,brodeur,395,,bolt
boogieboard,boogieboard,43,brodeur,396,,boogie board
bookshelf,bookshelf,57,brodeur,397,,bookshelf
boomlift,cherrypicker,38,brodeur,398,,cherry picker
boostercables,jumpercables,46,brodeur,399,,jumper cables
bootpolish,shoepolish,26,brodeur,400,,shoe polish
bottleship,shipinabottle,71,brodeur,401,,ship in a bottle
bowlingball,bowlingball,100,brodeur,402,,bowling ball
bowlingpin,bowlingpin,100,brodeur,403,,bowling pin
bowlofcereal,cereal,44,brodeur,404,,cereal
bowtie,bowtie,88,brodeur,405,,bowtie
boxingglove,boxingglove,76,brodeur,406,,boxing glove
bracken,fern,53,brodeur,407,,fern
brasslipstrike,doorboltplate,11,brodeur,408,,door bolt plate
bread,bread,63,brodeur,409,,bread
bridge,bridge,90,brodeur,410,,bridge
bridgestick,poolrake,11,brodeur,411,,pool rake
brownsugar,brownsugar,86,brodeur,412,,brown sugar
buddhastatue,buddha,45,brodeur,413,,buddha
buffaloskull,bullskull,42,brodeur,414,,bull skull
bull,bull,88,brodeur,415,,bull
bulldozer,bulldozer,49,brodeur,416,,bulldozer
bullet,bullet,93,brodeur,417,,bullet
bulletbelt,bullets,53,brodeur,418,,bullets
bumpercar,bumpercar,90,brodeur,419,,bumpercar
bundleofkeys,keys,81,brodeur,420,,keys
busshelter,busshelter,41,brodeur,421,,bus shelter
bust,bust,33,brodeur,422,,bust
butterknife,butterknife,41,brodeur,423,,butter knife
cabasa,shaker,33,brodeur,424,,shaker
cactus,cactus,93,brodeur,425,,cactus
cakeplatter,cakeplatter,12,brodeur,426,,cake platter
calendar,calendar,86,brodeur,427,,calendar
callbell,bell,80,brodeur,428,,bell
campfire,fire,38,brodeur,429,,fire
candelabra,candelabra,37,brodeur,430,,candelabra
candycane01a,candycane,98,brodeur,431,,candy cane
candydispenser,candydispenser,38,brodeur,432,,candy dispenser
cannedfood,sardinecan,35,brodeur,433,,sardine can
canoepaddle02,paddle,59,brodeur,434,,paddle
carbattery,carbattery,67,brodeur,435,,car battery
carjack,carjack,38,brodeur,436,,car jack
carlighter02,carlighter,45,brodeur,437,,car lighter
carmat,carmat,39,brodeur,438,,car mat
carradioantenna,antennaforacar,33,brodeur,439,,antenna for a car
cartonofeggs,eggcarton,45,brodeur,440,,egg carton
casabamelon,squash,42,brodeur,441,,squash
cashregister01,cashregister,93,brodeur,442,,cash register
cat01,cat,88,brodeur,443,,cat
catchermask,catchersmask,16,brodeur,444,,catchers mask
catlitter,litterbox,28,brodeur,445,,litter box
cautionsign,wetfloorsign,18,brodeur,446,,wet floor sign
ceilingfan01,ceilingfan,71,brodeur,447,,ceiling fan
ceilinglamp,chandelier,33,brodeur,448,,chandelier
cello,cello,63,brodeur,449,,cello
cementmixertruck,cementtruck,40,brodeur,450,,cement truck
chainsaw,chainsaw,77,brodeur,451,,chainsaw
chair,chair,88,brodeur,452,,chair
chameleon,chameleon,42,brodeur,453,,chameleon
cheetah,cheetah,77,brodeur,454,,cheetah
chefshat,chefshat,89,brodeur,455,,chefs hat
cherrytomatoes01,tomatoes,40,brodeur,456,,tomatoes
chessknight03a,chesspiece,31,brodeur,457,,chess piece
chickenbrochette,shishkabob,14,brodeur,458,,shishkabob
chiliflakes,nuts,11,brodeur,459,,nuts
chimney,chimney,86,brodeur,460,,chimney
chipmunk,chipmunk,67,brodeur,461,,chipmunk
chips,bowlofchips,40,brodeur,462,,bowl of chips
chocolatechip,hersheykisses,50,brodeur,463,,hershey kisses
chocolatecroissant,pastry,24,brodeur,464,,pastry
chocolatemilk,chocolatemilk,52,brodeur,465,,chocolate milk
christmaslights,christmaslights,76,brodeur,466,,christmas lights
christmastree,christmastree,86,brodeur,467,,christmas tree
christmaswreath,wreath,53,brodeur,468,,wreath
cigar,cigar,90,brodeur,469,,cigar
cleaver02,butcherknife,33,brodeur,470,,butcher knife
clothesdryingrack,dryingrack,24,brodeur,471,,drying rack
cloud,cloud,95,brodeur,472,,cloud
clover,clover,43,brodeur,473,,clover
clownfish,clownfish,46,brodeur,474,,clownfish
coatofmail,chainmail,37,brodeur,475,,chainmail
coatrack,coatrack,49,brodeur,476,,coat rack
coffeemachine,coffeemachine,71,brodeur,477,,coffee machine
coffeemaker,coffeemaker,56,brodeur,478,,coffee maker
colouringset,coloringset,15,brodeur,479,,coloring set
column,pillar,32,brodeur,480,,pillar
compostbin,composter,19,brodeur,481,,composter
compressor,aircompressor,35,brodeur,482,,air compressor
concreteblock,cinderblock,33,brodeur,483,,cinder block
container,dumpster,37,brodeur,484,,dumpster
convectionoven,toasteroven,67,brodeur,485,,toaster oven
convertible,convertible,29,brodeur,486,,convertible
cookedshrimp02,shrimp,82,brodeur,487,,shrimp
cork02,cork,75,brodeur,488,,cork
corkboard,corkboard,32,brodeur,489,,cork board
corn02,corn,64,brodeur,490,,corn
cougar,cougar,35,brodeur,491,,cougar
cow,cow,93,brodeur,492,,cow
cowbell,flask,61,brodeur,493,,flask
crab01,crab,98,brodeur,494,,crab
cremebrulee,crèmebrulee,72,brodeur,495,,crème brulee
cross01,cross,88,brodeur,496,,cross
crowdcontrolstanchion,stanchion,11,brodeur,497,,stanchion
crown,crown,88,brodeur,498,,crown
cruiseboat,cruiseship,83,brodeur,499,,cruise ship
cup05,mug,50,brodeur,500,,mug
cupboard,cabinet,36,brodeur,501,,cabinet
cupcake,cupcake,95,brodeur,502,,cupcake
curlingiron01a,curlingiron,48,brodeur,503,,curling iron
curtain,curtain,86,brodeur,504,,curtain
daddylonglegs,spider,88,brodeur,505,,spider
dalmation,dalmatian,71,brodeur,506,,dalmatian
dandelion,dandelion,61,brodeur,507,,dandelion
dartboard,dartboard,100,brodeur,508,,dartboard
decor01,branches,22,brodeur,509,,branches
desk02,desk,50,brodeur,510,,desk
deskchair03,officechair,36,brodeur,511,,office chair
desktopcomputer,computer,67,brodeur,512,,computer
discoball,discoball,93,brodeur,513,,disco ball
dishrack,dishrack,38,brodeur,514,,dish rack
djsoundboard,turntable,24,brodeur,515,,turntable
dogsled,dogsled,59,brodeur,516,,dog sled
donut,doughnut,95,brodeur,517,,doughnut
door01,doors,55,brodeur,518,,doors
doorknob01,doorhandle,50,brodeur,519,,door handle
doorstopper,doorstop,43,brodeur,520,,door stop
dormer,window,82,brodeur,521,,window
downhillskis,skis,83,brodeur,522,,skis
dragonfly01,dragonfly,76,brodeur,523,,dragonfly
drain,sewer,19,brodeur,524,,sewer
drainpipe02,gutter,32,brodeur,525,,gutter
dreamcatcher,dreamcatcher,93,brodeur,526,,dream catcher
drink,drink,27,brodeur,527,,drink
dromedary,camel,98,brodeur,528,,camel
drumset,drumset,64,brodeur,529,,drum set
drumsticks,drumsticks,95,brodeur,530,,drumsticks
ds,nintendods,44,brodeur,531,,nintendo ds
ducttape,ducttape,73,brodeur,532,,duct tape
dumpling,dumpling,37,brodeur,533,,dumpling
dungeon,castletower,44,brodeur,534,,castle tower
dvdbox,dvdcase,36,brodeur,535,,dvd case
eggslicer,eggslicer,26,brodeur,536,,egg slicer
eiffeltower,eiffeltower,95,brodeur,537,,eiffel tower
elbow,elbow,86,brodeur,538,,elbow
electricbaseboardheater01,heater,42,brodeur,539,,heater
electricguitar01,electricguitar,62,brodeur,540,,electric guitar
electricmeter,hydrometer,29,brodeur,541,,hydrometer
electrictoothbrush01c,electrictoothbrush,69,brodeur,542,,electric toothbrush
electrictransformer,transformer,21,brodeur,543,,transformer
ellipticalmachine,ellipticalmachine,24,brodeur,544,,elliptical machine
entrancegate,gate,71,brodeur,545,,gate
escalator,escalator,90,brodeur,546,,escalator
exercisemachine,exercisemachine,42,brodeur,547,,exercise machine
exitsign,exitsign,95,brodeur,548,,exit sign
expressomachine,espressomachine,53,brodeur,549,,espresso machine
eye,eye,76,brodeur,550,,eye
eyepatch,eyepatch,92,brodeur,551,,eye patch
faucet,faucet,65,brodeur,552,,faucet
faxmachine,faxmachine,62,brodeur,553,,fax machine
ferry,ferry,31,brodeur,554,,ferry
fighterjet,plane,24,brodeur,555,,plane
filetool,file,58,brodeur,556,,file
filingcabinet,filingcabinet,64,brodeur,557,,filing cabinet
fingerprint,fingerprint,93,brodeur,558,,finger print
firealarm,firealarm,43,brodeur,559,,fire alarm
fireplace,fireplace,86,brodeur,560,,fireplace
fishingpole,fishingrod,72,brodeur,561,,fishing rod
fishskeleton,fishskeleton,67,brodeur,562,,fish skeleton
flag,flag,71,brodeur,563,,flag
flipflop01b,flipflop,60,brodeur,564,,flip flop
foldingchair,foldingchair,52,brodeur,565,,folding chair
foosballtable,foosballtable,68,brodeur,566,,foosball table
foot,foot,69,brodeur,567,,foot
football,football,98,brodeur,568,,football
footballhelmet,footballhelmet,79,brodeur,569,,football helmet
footrest02,footrest,34,brodeur,570,,foot rest
forklift,forklift,68,brodeur,571,,forklift
fortunecookie,fortunecookie,98,brodeur,572,,fortune cookie
freezer02,freezer,61,brodeur,573,,freezer
frenchfries,fries,52,brodeur,574,,fries
frenchhorn,frenchhorn,45,brodeur,575,,french horn
frisbee,frisbee,95,brodeur,576,,frisbee
fullscore,musicsheet,80,brodeur,577,,music sheet
fuse,fuse,52,brodeur,578,,fuse
fusebox,fusebox,22,brodeur,579,,fuse box
gamecontroller,gamecontroller,25,brodeur,580,,game controller
gardengnome02,gardengnome,38,brodeur,581,,garden gnome
garland,tinsel,24,brodeur,582,,tinsel
gasburner,burner,15,brodeur,583,,burner
gastank,gasjug,12,brodeur,584,,gas jug
gazebo,gazebo,72,brodeur,585,,gazebo
generator,generator,42,brodeur,586,,generator
gift01,gift,48,brodeur,587,,gift
giraffe,giraffe,100,brodeur,588,,giraffe
giraffefigurine,giraffestatue,23,brodeur,589,,giraffe statue
goat,ram,34,brodeur,590,,ram
golfbag,golfclubs,30,brodeur,591,,golf clubs
golfball,golfball,98,brodeur,592,,golf ball
gong,gong,66,brodeur,593,,gong
goose,canadiangoose,38,brodeur,594,,canadian goose
gps,gps,62,brodeur,595,,gps
graduationhat,graduationcap,55,brodeur,596,,graduation cap
granolabar,granolabar,88,brodeur,597,,granola bar
gravyboat,gravyboat,47,brodeur,598,,gravy boat
greathornowl,owl,100,brodeur,599,,owl
greekcolumns,columns,18,brodeur,600,,columns
grippers,gripexerciser,7,brodeur,601,,grip exerciser
guacamole,guacamole,39,brodeur,602,,guacamole
guitarcase,guitarcase,98,brodeur,603,,guitar case
gymnasticrings,gymnasticrings,38,brodeur,604,,gymnastic rings
halloweenpumpkin,jackolantern,38,brodeur,605,,jackolantern
hammerheadshark,hammerheadshark,68,brodeur,606,,hammerhead shark
hamslice,ham,33,brodeur,607,,ham
hand01b,hand,81,brodeur,608,,hand
handblender,handblender,24,brodeur,609,,hand blender
handcuffs,handcuffs,100,brodeur,610,,handcuffs
handcymbals,cymbals,81,brodeur,611,,cymbals
handheldcircularsaw,powersaw,13,brodeur,612,,power saw
handrail,railing,51,brodeur,613,,railing
handtrolley01,dolly,61,brodeur,614,,dolly
handvacuumcleaner,handvacuum,27,brodeur,615,,hand vacuum
hangar,greenhouse,23,brodeur,616,,greenhouse
hardhat02,hardhat,36,brodeur,617,,hardhat
harmonica,harmonica,100,brodeur,618,,harmonica
headlight,headlight,39,brodeur,619,,headlight
heatlamp,outdoorheater,30,brodeur,620,,outdoor heater
hedgeshears,shears,30,brodeur,621,,shears
hedgetrimmers,hedgetrimmer,26,brodeur,622,,hedge trimmer
helicopter,helicopter,90,brodeur,623,,helicopter
hibiscusflower02,flower,89,brodeur,624,,flower
highpressurewatercleaner,pressurewasher,29,brodeur,625,,pressure washer
highstrikerfairgame,fairgame,14,brodeur,626,,fair game
hockeygoalieglove,goalieglove,24,brodeur,627,,goalie glove
hockeygoaliemask,hockeymask,19,brodeur,628,,hockey mask
hockeygoaliepad,goaliepad,35,brodeur,629,,goalie pad
hockeypuck,hockeypuck,83,brodeur,630,,hockey puck
hockeystick,hockeystick,93,brodeur,631,,hockey stick
honeycomb,honeycomb,65,brodeur,632,,honeycomb
hook,coathook,37,brodeur,633,,coat hook
hoop,hulahoop,93,brodeur,634,,hula hoop
horse,horse,100,brodeur,635,,horse
horseshoe,horseshoe,100,brodeur,636,,horseshoe
horsetrailer,trailer,73,brodeur,637,,trailer
hose,hose,50,brodeur,638,,hose
hoseknob,watervalve,15,brodeur,639,,water valve
hotdogsausage,hotdog,74,brodeur,640,,hot dog
hotwatertank,waterheater,41,brodeur,641,,water heater
humanskeleton,skeleton,52,brodeur,642,,skeleton
hyena,hyena,68,brodeur,643,,hyena
icecube02,icecube,74,brodeur,644,,ice cube
icemaker,icebox,27,brodeur,645,,icebox
icescraper,icescraper,46,brodeur,646,,ice scraper
inukshuk,inukshuk,36,brodeur,647,,inukshuk
ipad02,ipad,79,brodeur,648,,ipad
ipod,iphone,40,brodeur,649,,iphone
jackrabbit,rabbit,88,brodeur,650,,rabbit
jeans01,jeans,88,brodeur,651,,jeans
jeep,jeep,88,brodeur,652,,jeep
jellybeans,jellybeans,98,brodeur,653,,jellybeans
jellyfish,jellyfish,95,brodeur,654,,jellyfish
jesusstatue,jesusstatue,43,brodeur,655,,jesus statue
joker,jokercard,55,brodeur,656,,joker card
judgegavel,gavel,58,brodeur,657,,gavel
jumpingjack,sander,17,brodeur,658,,sander
kennel,doghouse,98,brodeur,659,,doghouse
keyholder,keyhook,16,brodeur,660,,key hook
keyhole,keyhole,32,brodeur,661,,keyhole
kidpool,kiddiepool,26,brodeur,662,,kiddie pool
kidtable,kidspicnictable,14,brodeur,663,,kids picnic table
kite,kite,98,brodeur,664,,kite
kiwi02b,kiwi,83,brodeur,665,,kiwi
knee,knee,88,brodeur,666,,knee
kneepad01c,kneepad,79,brodeur,667,,knee pad
knuckle,brassknuckles,78,brodeur,668,,brass knuckles
ladiessign,womensbathroomsign,29,brodeur,669,,womens bathroom sign
ladybug03,ladybug,93,brodeur,670,,ladybug
lamppost,lamppost,32,brodeur,671,,lamp post
lantern03,lantern,60,brodeur,672,,lantern
lapelbadge,pin,69,brodeur,673,,pin
laundrybasket01a,laundrybasket,50,brodeur,674,,laundry basket
lawnmower,lawnmower,98,brodeur,675,,lawn mower
leafblower01,leafblower,82,brodeur,676,,leaf blower
leafrake,rake,90,brodeur,677,,rake
lectern01,podium,50,brodeur,678,,podium
leg,leg,60,brodeur,679,,leg
licenseplate,licenseplate,85,brodeur,680,,license plate
lichi01,lychee,50,brodeur,681,,lychee
lifebelt,lifesaver,32,brodeur,682,,lifesaver
lightswitch01,lightswitch,98,brodeur,683,,light switch
lily,flower,89,brodeur,684,,flower
lilypad,lilypad,55,brodeur,685,,lilypad
lintroller,lintroller,66,brodeur,686,,lint roller
lion,lion,88,brodeur,687,,lion
lionstatue,lionstatue,61,brodeur,688,,lion statue
lockcutter,boltcutter,33,brodeur,689,,bolt cutter
locker,locker,98,brodeur,690,,locker
lollipop04,lollipop,83,brodeur,691,,lollipop
lunchbox02,lunchbag,41,brodeur,692,,lunch bag
macaroni01,macaroni,60,brodeur,693,,macaroni
machete,machete,49,brodeur,694,,machete
mag,hubcap,24,brodeur,695,,hubcap
magneticcompass,compass,95,brodeur,696,,compass
mailbox05,mailbox,100,brodeur,697,,mailbox
maki,sushi,81,brodeur,698,,sushi
mantaray,stingray,52,brodeur,699,,stingray
maracas,maraca,50,brodeur,700,,maraca
marble,marble,85,brodeur,701,,marble
martiniglass01b,martiniglass,64,brodeur,702,,martini glass
mask04,mask,76,brodeur,703,,mask
mattress,mattress,98,brodeur,704,,mattress
megaphone,megaphone,42,brodeur,705,,megaphone
memorialplaque,plaque,19,brodeur,706,,plaque
mensign,menswashroomsign,37,brodeur,707,,mens washroom sign
microphone01,microphone,88,brodeur,708,,microphone
microwave,microwave,81,brodeur,709,,microwave
mixertable,soundmixer,17,brodeur,710,,sound mixer
monument,obelisk,18,brodeur,711,,obelisk
morningstar,mace,60,brodeur,712,,mace
mortarandpestle,mortarandpestle,56,brodeur,713,,mortar and pestle
mouth,lips,86,brodeur,714,,lips
mrpotatohead,mrpotatohead,76,brodeur,715,,mr potato head
muffintin01,muffintray,27,brodeur,716,,muffin tray
mummy,mummy,86,brodeur,717,,mummy
musicalwoodenspoons,woodenspoons,22,brodeur,718,,wooden spoons
musicstand,musicstand,67,brodeur,719,,music stand
musket,rifle,34,brodeur,720,,rifle
muskox,bison,32,brodeur,721,,bison
mussel,clam,38,brodeur,722,,clam
nailgun,nailgun,46,brodeur,723,,nail gun
napkin,napkin,41,brodeur,724,,napkin
narwhal,narwhal,52,brodeur,725,,narwhal
nest,birdsnest,71,brodeur,726,,birds nest
nightstick,baton,44,brodeur,727,,baton
noentrysign,donotentersign,33,brodeur,728,,do not enter sign
noparkingsign,noparkingsign,95,brodeur,729,,no parking sign
nose,nose,88,brodeur,730,,nose
nosmokingsign,nosmokingsign,90,brodeur,731,,no smoking sign
nunchaku,nunchuks,96,brodeur,732,,nunchuks
oats,oats,31,brodeur,733,,oats
onewaysign,onewaysign,33,brodeur,734,,one way sign
ounceglass,shotglass,15,brodeur,735,,shot glass
ovencoil,stovetop,18,brodeur,736,,stovetop
oyster02,oyster,53,brodeur,737,,oyster
paddleball,paddleball,29,brodeur,738,,paddle ball
painting,painting,71,brodeur,739,,painting
paperairplane,paperairplane,69,brodeur,740,,paper airplane
paperchain,paperchain,32,brodeur,741,,paper chain
papershredder,papershredder,55,brodeur,742,,paper shredder
parkinggate,parkinggate,18,brodeur,743,,parking gate
parkingmeter,parkingmeter,83,brodeur,744,,parking meter
partyblower,noisemaker,28,brodeur,745,,noise maker
payphone,payphone,60,brodeur,746,,payphone
pecan02,walnuts,45,brodeur,747,,walnuts
pedestrianlight,donotwalksign,12,brodeur,748,,do not walk sign
pedestriansign,pedestriancrossingsign,18,brodeur,749,,pedestrian crossing sign
photocopier,photocopier,33,brodeur,750,,photocopier
pickaxe02,pickaxe,55,brodeur,751,,pickaxe
picnictable,picnictable,48,brodeur,752,,picnic table
pig,pig,90,brodeur,753,,pig
pingpongtable,pingpongtable,79,brodeur,754,,ping pong table
pinkflamingo,flamingo,87,brodeur,755,,flamingo
pintofbeer,glassofbeer,17,brodeur,756,,glass of beer
pipe02,pipe,83,brodeur,757,,pipe
pirateflag,pirateflag,74,brodeur,758,,pirate flag
platypus,platypus,81,brodeur,759,,platypus
playground,playground,26,brodeur,760,,playground
pokerchips,pokerchips,83,brodeur,761,,poker chips
pokerwallet,pokerset,45,brodeur,762,,poker set
polarbear,polarbear,90,brodeur,763,,polar bear
policelinetape,policetape,54,brodeur,764,,police tape
poolcuestick,poolcue,61,brodeur,765,,pool cue
poolnet,net,32,brodeur,766,,net
pooltable,pooltable,98,brodeur,767,,pool table
pooltabletriangle,pooltriangle,30,brodeur,768,,pool triangle
portabletoilet,portapotty,40,brodeur,769,,porta potty
postit,postitnotes,22,brodeur,770,,postit notes
pottery,pottery,15,brodeur,771,,pottery
pouch01b,pouch,29,brodeur,772,,pouch
powerline,powerlines,30,brodeur,773,,power lines
price,pricesign,28,brodeur,774,,price sign
proboscismonkey,monkey,73,brodeur,775,,monkey
projectorscreen,projectorscreen,40,brodeur,776,,projector screen
pumpkin,pumpkin,98,brodeur,777,,pumpkin
punchcodedoorlock,lockcode,16,brodeur,778,,lock code
punchingbag,punchingbag,83,brodeur,779,,punching bag
puppettheatre,puppettheatre,24,brodeur,780,,puppet theatre
radiator,radiator,44,brodeur,781,,radiator
railwaycrossingsign,railroadcrossing,14,brodeur,782,,railroad crossing
rainboot,rainboot,29,brodeur,783,,rainboot
rainstick,rainstick,19,brodeur,784,,rainstick
rearviewmirror03,carsidemirror,23,brodeur,785,,car side mirror
record,record,49,brodeur,786,,record
recorder04,recorder,51,brodeur,787,,recorder
recyclingbin,recyclingbin,79,brodeur,788,,recycling bin
redfox,fox,88,brodeur,789,,fox
reed,cattail,21,brodeur,790,,cattail
refrigerator,fridge,71,brodeur,791,,fridge
riverotter,otter,66,brodeur,792,,otter
rockbass,fish,90,brodeur,793,,fish
rockinghorse,rockinghorse,32,brodeur,794,,rocking horse
rolleddiploma,diploma,55,brodeur,795,,diploma
rollerblade,rollerblade,83,brodeur,796,,rollerblade
rollercoaster,rollercoaster,48,brodeur,797,,roller coaster
rubikscube,rubikcube,95,brodeur,798,,rubik cube
ruins,ruins,38,brodeur,799,,ruins
safetyglasses,safetyglasses,21,brodeur,800,,safety glasses
saintbernard,dog,62,brodeur,801,,dog
saladspinner,saladspinner,37,brodeur,802,,salad spinner
saltshaker03a,saltshaker,86,brodeur,803,,salt shaker
sandbagthrowgame,game,20,brodeur,804,,game
sandcastle,sandcastle,95,brodeur,805,,sandcastle
satellitedish01,satellitedish,49,brodeur,806,,satellite dish
sausage,sausage,71,brodeur,807,,sausage
sawtable,tablesaw,67,brodeur,808,,table saw
scalpel,scalpel,56,brodeur,809,,scalpel
scanner,scanner,53,brodeur,810,,scanner
schoolbus,schoolbus,98,brodeur,811,,school bus
scissorlift,lift,33,brodeur,812,,lift
scooter,scooter,90,brodeur,813,,scooter
scorpion,scorpion,90,brodeur,814,,scorpion
seadoo,jetski,41,brodeur,815,,jet ski
seal,seal,88,brodeur,816,,seal
securitycamera,securitycamera,40,brodeur,817,,security camera
shaker,martinishaker,17,brodeur,818,,martini shaker
shed02,shed,60,brodeur,819,,shed
sheep,sheep,93,brodeur,820,,sheep
shelf,shelf,61,brodeur,821,,shelf
shellpasta,shellpasta,40,brodeur,822,,shell pasta
shelves,shelves,66,brodeur,823,,shelves
sheriffhat,sheriffhat,67,brodeur,824,,sheriff hat
shinpad,shinpad,32,brodeur,825,,shin pad
shoppingcart,shoppingcart,68,brodeur,826,,shopping cart
shoulder,shoulder,64,brodeur,827,,shoulder
shoulderpad,shoulderpads,31,brodeur,828,,shoulder pads
showerhead01,showerhead,88,brodeur,829,,shower head
skateboard,skateboard,100,brodeur,830,,skateboard
skiboot01a,skiboot,70,brodeur,831,,ski boot
skigoggles,skigoggles,44,brodeur,832,,ski goggles
skipoles,skipoles,67,brodeur,833,,ski poles
skippingrope,skippingrope,52,brodeur,834,,skipping rope
skull,humanskull,48,brodeur,835,,human skull
sliceofbread,breadslice,36,brodeur,836,,bread slice
slug,slug,68,brodeur,837,,slug
slushmachine,slushiemachine,58,brodeur,838,,slushie machine
smartboard,whiteboard,60,brodeur,839,,whiteboard
smokedetector02,smokedetector,54,brodeur,840,,smoke detector
smokedsalmon,salmon,29,brodeur,841,,salmon
snail,shell,40,brodeur,842,,shell
snellenchart,eyechart,47,brodeur,843,,eye chart
snowblower,snowblower,41,brodeur,844,,snow blower
snowboard,snowboard,95,brodeur,845,,snowboard
snowglobe,snowglobe,68,brodeur,846,,snowglobe
snowman,snowman,100,brodeur,847,,snowman
snowshoe,snowshoe,88,brodeur,848,,snowshoe
snowshovel,snowshovel,56,brodeur,849,,snow shovel
soccerball,soccerball,98,brodeur,850,,soccer ball
soccercleat01,soccercleat,26,brodeur,851,,soccer cleat
soundboard,djturntable,8,brodeur,852,,dj turntable
spacerover,marsrover,56,brodeur,853,,mars rover
spear02,spear,75,brodeur,854,,spear
spiceholder,spicerack,85,brodeur,855,,spice rack
spiderweb,spiderweb,93,brodeur,856,,spider web
spinbike,exercisebike,35,brodeur,857,,exercise bike
sportsjersey,jersey,52,brodeur,858,,jersey
spotlight,spotlight,38,brodeur,859,,spotlight
springroll,springroll,54,brodeur,860,,spring roll
sprinkler,sprinkler,39,brodeur,861,,sprinkler
sprouts,sprouts,28,brodeur,862,,sprouts
squid,squid,88,brodeur,863,,squid
squirrel02,squirrel,100,brodeur,864,,squirrel
staplegun,staplegun,40,brodeur,865,,staple gun
star,star,58,brodeur,866,,star
steamroller,steamroller,52,brodeur,867,,steamroller
stickshift,gearshift,32,brodeur,868,,gearshift
stubbywrench01a,wrench,100,brodeur,869,,wrench
stump,treestump,59,brodeur,870,,tree stump
suitofarmor,armor,53,brodeur,871,,armor
sunflowerseeds,sunflowerseeds,50,brodeur,872,,sunflower seeds
surfboard,surfboard,100,brodeur,873,,surfboard
swing,swing,98,brodeur,874,,swing
swingbench,gardenswing,12,brodeur,875,,garden swing
swissarmyknife01a,pocketknife,43,brodeur,876,,pocket knife
swordfish,swordfish,83,brodeur,877,,swordfish
tabascosauce,tabascosauce,38,brodeur,878,,tabasco sauce
table01,table,81,brodeur,879,,table
taillight,taillights,27,brodeur,880,,tail lights
tarantula,tarantula,67,brodeur,881,,tarantula
taxisign,taxisign,68,brodeur,882,,taxi sign
telephonebooth,phonebooth,40,brodeur,883,,phone booth
telephonejack,phonejack,20,brodeur,884,,phone jack
tent,tent,90,brodeur,885,,tent
toad,frog,55,brodeur,886,,frog
toilet,toilet,90,brodeur,887,,toilet
toiletbrush,toiletbrush,67,brodeur,888,,toilet brush
tombstone,tombstone,69,brodeur,889,,tombstone
toolbox02,toolbox,93,brodeur,890,,toolbox
tostitos,tortillachip,38,brodeur,891,,tortilla chip
totempole,totempole,74,brodeur,892,,totem pole
toucan,toucan,76,brodeur,893,,toucan
towelrack,towelrack,47,brodeur,894,,towel rack
toyhorse,toyhorse,80,brodeur,895,,toy horse
toysoldier01b,toysoldier,72,brodeur,896,,toy soldier
toytanktruck,toytruck,67,brodeur,897,,toy truck
trafficlight,trafficlight,56,brodeur,898,,traffic light
trailerhitchball,trailerhitch,47,brodeur,899,,trailer hitch
trampoline,trampoline,93,brodeur,900,,trampoline
trashcan02,garbagecan,33,brodeur,901,,garbage can
travelmug,coffeemug,29,brodeur,902,,coffee mug
treadmill,treadmill,90,brodeur,903,,treadmill
tree,tree,95,brodeur,904,,tree
treetrunk,treetrunk,38,brodeur,905,,tree trunk
triangle,triangle,79,brodeur,906,,triangle
tricycle,tricycle,93,brodeur,907,,tricycle
trident01,trident,44,brodeur,908,,trident
trojanhorse,trojanhorse,64,brodeur,909,,trojan horse
trombone,trombone,63,brodeur,910,,trombone
tulip02,tulip,76,brodeur,911,,tulip
turkey,turkey,62,brodeur,912,,turkey
turnip,turnip,41,brodeur,913,,turnip
turnstile,turnstile,81,brodeur,914,,turnstile
tyranosaurusheadskull,dinosaurskull,31,brodeur,915,,dinosaur skull
urinal,urinal,89,brodeur,916,,urinal
usbcable01a,usbcable,44,brodeur,917,,usb cable
videotape01b,cassette,35,brodeur,918,,cassette
visor,visor,48,brodeur,919,,visor
volleyball,volleyball,76,brodeur,920,,volleyball
vulture,vulture,70,brodeur,921,,vulture
waders,waders,6,brodeur,922,,waders
wafflemaker,wafflemaker,54,brodeur,923,,waffle maker
walkietalkie,walkietalkie,73,brodeur,924,,walkie talkie
walloutlet,electricoutlet,28,brodeur,925,,electric outlet
wareset,cutleryset,30,brodeur,926,,cutlery set
warthog,warthog,38,brodeur,927,,warthog
waterbottlerack,waterbottleholder,32,brodeur,928,,water bottle holder
watercooler,watercooler,58,brodeur,929,,water cooler
waterfall,waterfall,95,brodeur,930,,waterfall
waterfountain02,waterfountain,78,brodeur,931,,water fountain
weathervane,weathervane,35,brodeur,932,,weather vane
webcam,webcam,68,brodeur,933,,webcam
weddingcake,weddingcake,59,brodeur,934,,wedding cake
weedeater,weedwhacker,32,brodeur,935,,weed whacker
well,well,75,brodeur,936,,well
wheat,wheat,72,brodeur,937,,wheat
wheelbarrow01,wheelbarrow,91,brodeur,938,,wheelbarrow
whiteout,whiteout,66,brodeur,939,,whiteout
wiicontroller,wiicontroller,26,brodeur,940,,wii controller
windmill,windmill,100,brodeur,941,,windmill
windowshade02,blinds,46,brodeur,942,,blinds
windshieldwasherfluid,windshieldwasherfluid,22,brodeur,943,,windshield washer fluid
windshieldwiper02,windshieldwiper,82,brodeur,944,,windshield wiper
windsurfingboard,windsurfboard,25,brodeur,945,,wind surfboard
winecooler,icebucket,36,brodeur,946,,ice bucket
winniethepooh,winniethepooh,62,brodeur,947,,winnie the pooh
witchhat,witchhat,86,brodeur,948,,witch hat
woodenshoe,woodenshoe,50,brodeur,949,,wooden shoe
worklight,light,29,brodeur,950,,light
worldmap,worldmap,67,brodeur,951,,world map
xylophone,xylophone,89,brodeur,952,,xylophone
zipper,zipper,100,brodeur,953,,zipper
airplane,airplane,95.4545455,dr2,954,,airplane
anvil,anvil,80,dr2,955,,anvil
fishtank,fishtank,95.3488372,dr2,956,,fish tank
artichoke,artichoke,88.2,dr2,957,,artichoke
asparagus,asparagus,100,dr2,958,,asparagus
bottle,bottle,90.9090909,dr2,959,,bottle
stroller,stroller,96.7741935,dr2,960,,stroller
backpack,backpack,95.1,dr2,961,,backpack
balcony,balcony,85.7142857,dr2,962,,balcony
bandaid,bandaid,100,dr2,963,,bandaid
grill,grill,100,dr2,964,,grill
barrel,barrel,100,dr2,965,,barrel
bathtub,bathtub,96.4285714,dr2,966,,bathtub
bear,bear,100,dr2,967,,bear
bee,bee,95.4545455,dr2,968,,bee
bug,bug,52.2,dr2,969,,bug
bicycle,bicycle,94.9152542,dr2,970,,bicycle
bird,bird,100,dr2,971,,bird
blimp,blimp,91.3,dr2,972,,blimp
box,box,95.4545455,dr2,973,,box
butter,butter,90.9,dr2,974,,butter
canoe,canoe,95.2,dr2,975,,canoe
canopener,canopener,92.2,dr2,976,,can opener
hat,hat,100,dr2,977,,hat
carousel,carousel,96.6666667,dr2,978,,carousel
tape,tape,72.7272727,dr2,979,,tape
castle,castle,100,dr2,980,,castle
chain,chain,100,dr2,981,,chain
cheese,cheese,100,dr2,982,,cheese
cherry,cherry,95.4545455,dr2,983,,cherry
chest,chest,85.7,dr2,984,,chest
chicken,chicken,81.8181818,dr2,985,,chicken
city,city,74.1,dr2,986,,city
clamp,clamp,68,dr2,987,,clamp
clothespin,clothespin,100,dr2,988,,clothes pin
corkscrew,corkscrew,87.5,dr2,989,,corkscrew
crackers,crackers,92.8571429,dr2,990,,crackers
crib,crib,100,dr2,991,,crib
block,block,100,dr2,992,,block
deer,deer,100,dr2,993,,deer
dentist,dentist,82.9,dr2,994,,dentist
diaper,diaper,97.5609756,dr2,995,,diaper
donkey,donkey,94.3,dr2,996,,donkey
drawer,drawer,82.1,dr2,997,,drawer
dress,dress,95.4545455,dr2,998,,dress
dresser,dresser,78.5714286,dr2,999,,dresser
drill,drill,89.7435897,dr2,1000,,drill
eagle,eagle,100,dr2,1001,,eagle
earring,earring,92.3076923,dr2,1002,,earring
egg,egg,100,dr2,1003,,egg
fence,fence,100,dr2,1004,,fence
firetruck,firetruck,100,dr2,1005,,firetruck
fishingpole,fishingpole,94.2857143,dr2,1006,,fishing pole
wine,wine,70.7,dr2,1007,,wine
floor,floor,100,dr2,1008,,floor
fountain,fountain,100,dr2,1009,,fountain
funnel,funnel,100,dr2,1010,,funnel
genie,genie,60.7,dr2,1011,,genie
giraffe,giraffe,100,dr2,1012,,giraffe
glasses,glasses,100,dr2,1013,,glasses
globe,globe,100,dr2,1014,,globe
gorilla,gorilla,85.7,dr2,1015,,gorilla
grasshopper,grasshopper,96,dr2,1016,,grasshopper
hammock,hammock,100,dr2,1017,,hammock
helmet,helmet,100,dr2,1018,,helmet
highchair,highchair,89.3,dr2,1019,,highchair
hinge,hinge,98.0769231,dr2,1020,,hinge
hippo,hippo,67.9,dr2,1021,,hippo
hoe,hoe,92.3076923,dr2,1022,,hoe
firehydrant,firehydrant,100,dr2,1023,,fire hydrant
icecreamcone,icecreamcone,90,dr2,1024,,ice cream cone
igloo,igloo,100,dr2,1025,,igloo
ironingboard,ironingboard,96.7,dr2,1026,,ironing board
jacket,jacket,72.7272727,dr2,1027,,jacket
jar,jar,100,dr2,1028,,jar
puzzle,puzzle,89.2857143,dr2,1029,,puzzle
jumprope,jumprope,88.6,dr2,1030,,jump rope
kangaroo,kangaroo,98.5507246,dr2,1031,,kangaroo
ladder,ladder,100,dr2,1032,,ladder
ladle,ladle,96,dr2,1033,,ladle
lemon,lemon,100,dr2,1034,,lemon
leopard,leopard,60.7,dr2,1035,,leopard
lightbulb,lightbulb,93.2,dr2,1036,,lightbulb
lighthouse,lighthouse,100,dr2,1037,,lighthouse
lizard,lizard,71.4,dr2,1038,,lizard
llama,llama,100,dr2,1039,,llama
lobster,lobster,100,dr2,1040,,lobster
lock,lock,100,dr2,1041,,lock
magnet,magnet,96.4,dr2,1042,,magnet
mailbox,mailbox,100,dr2,1043,,mailbox
match,match,100,dr2,1044,,match
medal,medal,100,dr2,1045,,medal
mirror,mirror,100,dr2,1046,,mirror
mixer,mixer,96.4285714,dr2,1047,,mixer
priest,priest,92.9,dr2,1048,,priest
moose,moose,100,dr2,1049,,moose
mop,mop,100,dr2,1050,,mop
mosquito,mosquito,89.3,dr2,1051,,mosquito
motorcycle,motorcycle,98.4,dr2,1052,,motorcycle
mouse,mouse,100,dr2,1053,,mouse
needle,needle,100,dr2,1054,,needle
onion,onion,100,dr2,1055,,onion
ostrich,ostrich,97.4,dr2,1056,,ostrich
paint,paint,97.4,dr2,1057,,paint
pan,pan,90.9090909,dr2,1058,,pan
panda,panda,96.4,dr2,1059,,panda
pants,pants,90.9,dr2,1060,,pants
paper,paper,72.7,dr2,1061,,paper
paperclip,paperclip,100,dr2,1062,,paperclip
parachute,parachute,100,dr2,1063,,parachute
parrot,parrot,78.6,dr2,1064,,parrot
peach,peach,100,dr2,1065,,peach
peacock,peacock,100,dr2,1066,,peacock
peanut,peanut,97.1,dr2,1067,,peanut
peas,peas,85.7142857,dr2,1068,,peas
pelican,pelican,92.3,dr2,1069,,pelican
pencilsharpener,pencilsharpener,100,dr2,1070,,pencil sharpener
picture,picture,68.2,dr2,1071,,picture
piggybank,piggybank,87.2,dr2,1072,,piggy bank
pitcher,pitcher,95.4545455,dr2,1073,,pitcher
pitchfork,pitchfork,88.6,dr2,1074,,pitchfork
pizza,pizza,97.6190476,dr2,1075,,pizza
pliers,pliers,91.5,dr2,1076,,pliers
policeman,policeman,96.4285714,dr2,1077,,policeman
pool,pool,100,dr2,1078,,pool
popcorn,popcorn,100,dr2,1079,,popcorn
popsicle,popsicle,95.3,dr2,1080,,popsicle
porcupine,porcupine,97.4,dr2,1081,,porcupine
pot,pot,100,dr2,1082,,pot
present,present,65.9,dr2,1083,,present
purse,purse,71.4,dr2,1084,,purse
raccoon,raccoon,97.9,dr2,1085,,raccoon
radio,radio,100,dr2,1086,,radio
radish,radish,93,dr2,1087,,radish
razor,razor,100,dr2,1088,,razor
refrigerator,refrigerator,100,dr2,1089,,refrigerator
rhinoceros,rhinoceros,100,dr2,1090,,rhinoceros
road,road,85.7142857,dr2,1091,,road
rocket,rocket,86.3636364,dr2,1092,,rocket
rockingchair,rockingchair,90.6976744,dr2,1093,,rocking chair
rollerskate,rollerskate,94.4,dr2,1094,,roller skate
rollingpin,rollingpin,94.9,dr2,1095,,rolling pin
roof,roof,90.9,dr2,1096,,roof
rooster,rooster,97.6,dr2,1097,,rooster
rug,rug,100,dr2,1098,,rug
safe,safe,100,dr2,1099,,safe
safetypin,safetypin,90.7,dr2,1100,,safety pin
sailboat,sailboat,85.7,dr2,1101,,sailboat
salt,salt,100,dr2,1102,,salt
seahorse,seahorse,96.4,dr2,1103,,seahorse
seesaw,seesaw,89.2857143,dr2,1104,,seesaw
sewingmachine,sewingmachine,100,dr2,1105,,sewing machine
shark,shark,100,dr2,1106,,shark
shower,shower,96.7741935,dr2,1107,,shower
sink,sink,97.6190476,dr2,1108,,sink
skateboard,skateboard,100,dr2,1109,,skateboard
skunk,skunk,100,dr2,1110,,skunk
sled,sled,96.8,dr2,1111,,sled
slide,slide,95.5,dr2,1112,,slide
slingshot,slingshot,100,dr2,1113,,slingshot
slipper,slipper,95.6521739,dr2,1114,,slipper
couch,couch,100,dr2,1115,,couch
soldier,soldier,75,dr2,1116,,soldier
spaghetti,spaghetti,96.6,dr2,1117,,spaghetti
spatula,spatula,100,dr2,1118,,spatula
stairs,stairs,99.9,dr2,1119,,stairs
statue,statue,93.3,dr2,1120,,statue
steeringwheel,steeringwheel,95.5,dr2,1121,,steering wheel
stocking,stocking,100,dr2,1122,,stocking
stool,stool,96,dr2,1123,,stool
stove,stove,95.4545455,dr2,1124,,stove
submarine,submarine,100,dr2,1125,,submarine
suitcase,suitcase,97.0588235,dr2,1126,,suitcase
swan,swan,100,dr2,1127,,swan
sweater,sweater,92.9,dr2,1128,,sweater
tank,tank,95.1,dr2,1129,,tank
taperecorder,taperecorder,84.6153846,dr2,1130,,tape recorder
teapot,teapot,93.3,dr2,1131,,teapot
teepee,teepee,100,dr2,1132,,teepee
telescope,telescope,100,dr2,1133,,telescope
tv,tv,100,dr2,1134,,tv
tennisracket,tennisracket,94.2857143,dr2,1135,,tennis racket
thermos,thermos,78,dr2,1136,,thermos
thimble,thimble,100,dr2,1137,,thimble
tie,tie,100,dr2,1138,,tie
tire,tire,88.1,dr2,1139,,tire
tomato,tomato,100,dr2,1140,,tomato
toothbrush,toothbrush,100,dr2,1141,,toothbrush
railroadtracks,railroadtracks,86.6666667,dr2,1142,,railroad tracks
stoplight,stoplight,93.3333333,dr2,1143,,stoplight
trashcan,trashcan,64.3,dr2,1144,,trash can
tripod,tripod,100,dr2,1145,,tripod
trophy,trophy,100,dr2,1146,,trophy
truck,truck,95.4545455,dr2,1147,,truck
chest,chest,85.7,dr2,1148,,chest
turtle,turtle,95.2380952,dr2,1149,,turtle
tweezers,tweezers,97.6,dr2,1150,,tweezers
umbrella,umbrella,100,dr2,1151,,umbrella
unicorn,unicorn,97.6,dr2,1152,,unicorn
unicycle,unicycle,94.4,dr2,1153,,unicycle
vacuum,vacuum,94.1176471,dr2,1154,,vacuum
waffle,waffle,100,dr2,1155,,waffle
waiter,waiter,97.1428571,dr2,1156,,waiter
bricks,bricks,73.8095238,dr2,1157,,bricks
wallet,wallet,97.6190476,dr2,1158,,wallet
walrus,walrus,97.4,dr2,1159,,walrus
washingmachine,washingmachine,80,dr2,1160,,washing machine
watch,watch,95.4545455,dr2,1161,,watch
wateringcan,wateringcan,94.7368421,dr2,1162,,watering can
wheelchair,wheelchair,98.1,dr2,1163,,wheelchair
windmill,windmill,100,dr2,1164,,windmill
wolf,wolf,95.5,dr2,1165,,wolf
worm,worm,86.3636364,dr2,1166,,worm
yoyo,yoyo,100,dr2,1167,,yoyo
bartender,bartender,90,dr2,1168,,bartender
mistletoe,mistletoe,60.7,dr2,1169,,mistletoe
jackhammer,jackhammer,88.6,dr2,1170,,jackhammer
chopsticks,chopsticks,100,dr2,1171,,chopsticks
salsa,salsa,78.6,dr2,1172,,salsa
boxinggloves,boxinggloves,91.4,dr2,1173,,boxing gloves
bride,bride,92.9,dr2,1174,,bride
gravy,gravy,64.3,dr2,1175,,gravy
cardinal,cardinal,0,dr2,1176,,cardinal
woodpecker,woodpecker,0,dr2,1177,,woodpecker
blackberries,blackberries,0,dr2,1178,,blackberries
blueberries,blueberries,0,dr2,1179,,blueberries
honeydew,honeydew,0,dr2,1180,,honeydew
raspberries,raspberries,0,dr2,1181,,raspberries
sweetpotato,sweetpotato,0,dr2,1182,,sweet potato
bagpipe,bagpipe,0,dr2,1183,,bagpipe
bassoon,bassoon,0,dr2,1184,,bassoon
astronaut,astronaut,0,dr2,1185,,astronaut
ballerina,ballerina,0,dr2,1186,,ballerina
butcher,butcher,0,dr2,1187,,butcher
director,director,0,dr2,1188,,director
fisherman,fisherman,0,dr2,1189,,fisherman
janitor,janitor,0,dr2,1190,,janitor
lawyer,lawyer,0,dr2,1191,,lawyer
lifeguard,lifeguard,0,dr2,1192,,lifeguard
mechanic,mechanic,0,dr2,1193,,mechanic
photographer,photographer,0,dr2,1194,,photographer
iceskate,iceskate,0,dr2,1195,,ice skate
golfclub,golfclub,0,dr2,1196,,golf club
tapemeasure,tapemeasure,0,dr2,1197,,tape measure
toolbelt,toolbelt,0,dr2,1198,,tool belt
landmine,landmine,0,dr2,1199,,landmine
club,club,0,dr2,1200,,club
lance,lance,0,dr2,1201,,lance
catapult,catapult,0,dr2,1202,,catapult
torpedo,torpedo,0,dr2,1203,,torpedo
missile,missile,0,dr2,1204,,missile
Bat,bat,96,mm,1205,,bat
Crocodile,crocodile,76,mm,1206,,crocodile
Dromedary,dromedary,50,mm,1207,,dromedary
Hippopotamus,hippopotamus,82,mm,1208,,hippopotamus
Lioness,lioness,59,mm,1209,,lioness
Lynx,lynx,74,mm,1210,,lynx
Rhino,rhino,96,mm,1211,,rhino
Snake,snake,92,mm,1212,,snake
Tapir,tapir,29,mm,1213,,tapir
Tiger,tiger,99,mm,1214,,tiger
Zebra,zebra,99,mm,1215,,zebra
Barn owl,barnowl,47,mm,1216,,barn owl
Duck,duck,93,mm,1217,,duck
Goldfinch,goldfinch,34,mm,1218,,goldfinch
Goose,goose,52,mm,1219,,goose
Hen,hen,87,mm,1220,,hen
Hummingbird,hummingbird,71,mm,1221,,humming bird
Magpie,magpie,21,mm,1222,,magpie
Partridge,partridge,51,mm,1223,,partridge
Penguin,penguin,99,mm,1224,,penguin
Pheasant,pheasant,26,mm,1225,,pheasant
Pigeon,pigeon,99,mm,1226,,pigeon
Raven,raven,77,mm,1227,,raven
Seagull,seagull,83,mm,1228,,seagull
Sparrow,sparrow,50,mm,1229,,sparrow
Arm,arm,96,mm,1230,,arm
Beard,beard,43,mm,1231,,beard
Bone,bone,1,mm,1232,,bone
Brain,brain,86,mm,1233,,brain
Ear,ear,99,mm,1234,,ear
Finger,finger,90,mm,1235,,finger
Kidney,kidney,47,mm,1236,,kidney
Liver,liver,68,mm,1237,,liver
Lung,lung,42,mm,1238,,lung
Mouth,mouth,76,mm,1239,,mouth
Pelvis,pelvis,39,mm,1240,,pelvis
Skull,skull,54,mm,1241,,skull
Toe,toe,95,mm,1242,,toe
Tongue,tongue,92,mm,1243,,tongue
Vertebra,vertebra,34,mm,1244,,vertebra
Araceae,araceae,23,mm,1245,,araceae
Bellflowers,bellflowers,35,mm,1246,,bellflowers
Carnation,carnation,85,mm,1247,,carnation
Daisy,daisy,95,mm,1248,,daisy
Geranium,geranium,38,mm,1249,,geranium
Lilac,lilac,26,mm,1250,,lilac
Orchid,orchid,36,mm,1251,,orchid
Pansy,pansy,42,mm,1252,,pansy
Poppy,poppy,89,mm,1253,,poppy
Rose,rose,98,mm,1254,,rose
unflower,unflower,56,mm,1255,,unflower
Apple,apple,99,mm,1256,,apple
Custard apple,custardapple,51,mm,1257,,custard apple
Fig,fig,80,mm,1258,,fig
Flat peach,flatpeach,41,mm,1259,,flat peach
Grapes,grapes,96,mm,1260,,grapes
Kiwi fruit,kiwifruit,96,mm,1261,,kiwi fruit
Pomegranate,pomegranate,84,mm,1262,,pomegranate
Quince,quince,41,mm,1263,,quince
Redcurrant,redcurrant,14,mm,1264,,redcurrant
Watermelon,watermelon,97,mm,1265,,watermelon
Ant,ant,96,mm,1266,,ant
Beetle,beetle,82,mm,1267,,beetle
Butterfly,butterfly,99,mm,1268,,butterfly
Centipede,centipede,83,mm,1269,,centipede
Cockroach,cockroach,48,mm,1270,,cockroach
Fly,fly,99,mm,1271,,fly
Ladybird,ladybird,95,mm,1272,,ladybird
Moth,moth,67,mm,1273,,moth
Praying mantis,prayingmantis,68,mm,1274,,praying mantis
Termite,termite,27,mm,1275,,termite
Wasp,wasp,88,mm,1276,,wasp
Cockle,cockle,47,mm,1277,,cockle
Dolphin,dolphin,99,mm,1278,,dolphin
Eel,eel,18,mm,1279,,eel
Goose barnacle,goosebarnacle,67,mm,1280,,goose barnacle
Killer whale,killerwhale,55,mm,1281,,killer whale
Manatee,manatee,25,mm,1282,,manatee
Mussel,mussel,92,mm,1283,,mussel
Pomfret,pomfret,49,mm,1284,,pomfret
Ray,ray,54,mm,1285,,ray
Razor-shell,razorshell,78,mm,1286,,razor shell
Sperm whale,spermwhale,55,mm,1287,,sperm whale
Whale,whale,44,mm,1288,,whale
Almond,almond,63,mm,1289,,almond
Chestnut,chestnut,72,mm,1290,,chestnut
Date,date,40,mm,1291,,date
Hazelnut,hazelnut,61,mm,1292,,hazelnut
Pine kernel,pinekernel,24,mm,1293,,pine kernel
Pistachio,pistachio,76,mm,1294,,pistachio
Raisin,raisin,83,mm,1295,,raisin
Walnut,walnut,97,mm,1296,,walnut
Black poplar,blackpoplar,57,mm,1297,,black poplar
Cedar,cedar,45,mm,1298,,cedar
Cypress,cypress,55,mm,1299,,cypress
Eucalyptus,eucalyptus,48,mm,1300,,eucalyptus
Fig tree,figtree,50,mm,1301,,fig tree
Fir,fir,39,mm,1302,,fir
Holm oak,holmoak,31,mm,1303,,holm oak
Olive tree,olivetree,53,mm,1304,,olive tree
Palm tree,palmtree,97,mm,1305,,palm tree
Pine tree,pinetree,58,mm,1306,,pine tree
Willow,willow,66,mm,1307,,willow
Chard,chard,72,mm,1308,,chard
Cucumber,cucumber,97,mm,1309,,cucumber
Eggplant,eggplant,93,mm,1310,,eggplant
Leek,leek,65,mm,1311,,leek
Lettuce,lettuce,97,mm,1312,,lettuce
Pepper,pepper,99,mm,1313,,pepper
Red cabbage,redcabbage,33,mm,1314,,red cabbage
Spinach,spinach,46,mm,1315,,spinach
Cathedral,cathedral,81,mm,1316,,cathedral
Church,church,85,mm,1317,,church
Factory,factory,63,mm,1318,,factory
Granary,granary,51,mm,1319,,granary
House,house,93,mm,1320,,house
Mill,mill,97,mm,1321,,mill
Pagoda,pagoda,39,mm,1322,,pagoda
Palace,palace,33,mm,1323,,palace
Pyramid,pyramid,84,mm,1324,,pyramid
Shanty,shanty,79,mm,1325,,shanty
Silo,silo,29,mm,1326,,silo
Skyscraper,skyscraper,73,mm,1327,,skyscraper
Tower,tower,78,mm,1328,,tower
Bathrobe,bathrobe,91,mm,1329,,bathrobe
Biretta,biretta,36,mm,1330,,biretta
Cap,cap,96,mm,1331,,cap
Clog,clog,75,mm,1332,,clog
Coat,coat,96,mm,1333,,coat
Shirt,shirt,99,mm,1334,,shirt
Skirt,skirt,99,mm,1335,,skirt
Socks,socks,1,mm,1336,,socks
Trousers,trousers,1,mm,1337,,trousers
Undershirt,undershirt,99,mm,1338,,undershirt
Compasses,compasses,97,mm,1339,,compasses
Felt-tip pen,felttippen,93,mm,1340,,felt tip pen
Folder,folder,96,mm,1341,,folder
Fountain pen,fountainpen,88,mm,1342,,fountain pen
Ink pad,inkpad,28,mm,1343,,ink pad
Pencil,pencil,99,mm,1344,,pencil
Set square,setsquare,54,mm,1345,,set square
Square,square,64,mm,1346,,square
Rubber stamp,rubberstamp,58,mm,1347,,rubber stamp
Anchovy,anchovy,92,mm,1348,,anchovy
Black pudding,blackpudding,56,mm,1349,,black pudding
Caviar,caviar,58,mm,1350,,caviar
Chorizo,chorizo,94,mm,1351,,chorizo
Cookie,cookie,93,mm,1352,,cookie
Crème caramel,crèmecaramel,96,mm,1353,,crème caramel
Fritter,fritter,96,mm,1354,,fritter
Large fritter,largefritter,58,mm,1355,,large fritter
Millefeuille,millefeuille,46,mm,1356,,mille feuille
NT (Zarajo),ntzarajo,21,mm,1357,,ntzarajo
Paella,paella,1,mm,1358,,paella
Pasty,pasty,90,mm,1359,,pasty
Pie,pie,73,mm,1360,,pie
Steak,steak,31,mm,1361,,steak
Armchair,armchair,71,mm,1362,,armchair
Bedside table,bedsidetable,76,mm,1363,,bedside table
Bookcase,bookcase,64,mm,1364,,bookcase
Chest of drawers,chestofdrawers,53,mm,1365,,chest of drawers
Filling cabinet,fillingcabinet,76,mm,1366,,filling cabinet
Lectern,lectern,29,mm,1367,,lectern
Sofa,sofa,81,mm,1368,,sofa
Stool,stool,96,mm,1369,,stool
Wardrobe,wardrobe,1,mm,1370,,wardrobe
Bangle/Bracelet,banglebracelet,57,mm,1371,,bangle bracelet
Bracelet,bracelet,92,mm,1372,,bracelet
Cufflinks,cufflinks,70,mm,1373,,cufflinks
Diadem,diadem,48,mm,1374,,diadem
Diamond,diamond,78,mm,1375,,diamond
Necklace,necklace,99,mm,1376,,necklace
Pendant,pendant,95,mm,1377,,pendant
Seal ring,sealring,55,mm,1378,,seal ring
Tie clip,tieclip,31,mm,1379,,tie clip
Cooking pot,cookingpot,15,mm,1380,,cooking pot
Cup,cup,82,mm,1381,,cup
Fondue,fondue,74,mm,1382,,fondue
Frying pan,fryingpan,99,mm,1383,,frying pan
NT (Churrera),ntchurrera,11,mm,1384,,ntchurrera
Peeler,peeler,49,mm,1385,,peeler
Saucepan,saucepan,46,mm,1386,,saucepan
Small saucepan,smallsaucepan,68,mm,1387,,small saucepan
Sharpening steel,sharpeningsteel,39,mm,1388,,sharpening steel
Strainer,strainer,89,mm,1389,,strainer
Accordion,accordion,97,mm,1390,,accordion
Balalaika,balalaika,16,mm,1391,,balalaika
Bugle,bugle,61,mm,1392,,bugle
Clarinet,clarinet,53,mm,1393,,clarinet
Drum,drum,92,mm,1394,,drum
Flute,flute,1,mm,1395,,flute
Harp,harp,92,mm,1396,,harp
Maracas,maracas,96,mm,1397,,maracas
Piano,piano,96,mm,1398,,piano
Saxophone,saxophone,87,mm,1399,,saxophone
Tambourine,tambourine,99,mm,1400,,tambourine
Trumpet,trumpet,97,mm,1401,,trumpet
Tuba,tuba,37,mm,1402,,tuba
Ball,ball,89,mm,1403,,ball
Chess,chess,1,mm,1404,,chess
Dart,dart,95,mm,1405,,dart
Diabolo,diabolo,59,mm,1406,,diabolo
Ludo,ludo,99,mm,1407,,ludo
Racket,racket,1,mm,1408,,racket
Skate,skate,97,mm,1409,,skate
Ski,ski,81,mm,1410,,ski
Skittle,skittle,95,mm,1411,,skittle
Spinning top,spinningtop,84,mm,1412,,spinning top
Table football,tablefootball,93,mm,1413,,table football
Axe,axe,96,mm,1414,,axe
Bit,bit,73,mm,1415,,bit
Cold chisel,coldchisel,25,mm,1416,,cold chisel
Handsaw,handsaw,65,mm,1417,,hand saw
Leveller,leveller,68,mm,1418,,leveller
Nut,nut,81,mm,1419,,nut
Pincers,pincers,89,mm,1420,,pincers
Shovel,shovel,96,mm,1421,,shovel
Trowel,trowel,32,mm,1422,,trowel
Boat,boat,86,mm,1423,,boat
Bus,bus,76,mm,1424,,bus
Car,car,93,mm,1425,,car
Cart,cart,75,mm,1426,,cart
Motorbike,motorbike,99,mm,1427,,motorbike
Paragliding,paragliding,43,mm,1428,,paragliding
Ship,ship,74,mm,1429,,ship
Tractor,tractor,99,mm,1430,,tractor
Train,train,93,mm,1431,,train
Van,van,95,mm,1432,,van
Armour,armour,88,mm,1433,,armour
Arrow,arrow,94,mm,1434,,arrow
Bayonet,bayonet,20,mm,1435,,bayonet
Boomerang,boomerang,77,mm,1436,,boomerang
Bow,bow,99,mm,1437,,bow
Cannon,cannon,98,mm,1438,,cannon
Crossbow,crossbow,53,mm,1439,,crossbow
Grenade,grenade,89,mm,1440,,grenade
Gun,gun,90,mm,1441,,gun
Machine gun,machinegun,51,mm,1442,,machine gun
Revolver,revolver,61,mm,1443,,revolver
Shield,shield,96,mm,1444,,shield
Sword,sword,97,mm,1445,,sword
Cliff,cliff,69,mm,1446,,cliff
Coal,coal,29,mm,1447,,coal
Gold,gold,29,mm,1448,,gold
Ice,ice,11,mm,1449,,ice
Iceberg,iceberg,81,mm,1450,,iceberg
Island,island,84,mm,1451,,island
Moon,moon,95,mm,1452,,moon
Mountain,mountain,83,mm,1453,,mountain
Puddle,puddle,26,mm,1454,,puddle
Sea,sea,93,mm,1455,,sea
Stone,stone,44,mm,1456,,stone
Sun,sun,75,mm,1457,,sun
Volcano,volcano,99,mm,1458,,volcano
Wave,wave,89,mm,1459,,wave