"stimuli","lemma","n","percent"
"ancient_rome","area",1,100
"ancient_rome","arena",1,100
"ancient_rome","arm",1,100
"ancient_rome","atop",1,100
"ancient_rome","bottom",1,100
"ancient_rome","caesar",1,100
"ancient_rome","camera",1,100
"ancient_rome","cart",1,100
"ancient_rome","chariot",1,100
"ancient_rome","colosseum",1,100
"ancient_rome","cross",1,100
"ancient_rome","crowd",1,100
"ancient_rome","driver",1,100
"ancient_rome","fork",1,100
"ancient_rome","fun",1,100
"ancient_rome","game",1,100
"ancient_rome","gladiator",1,100
"ancient_rome","golf",1,100
"ancient_rome","hand",1,100
"ancient_rome","head",1,100
"ancient_rome","horse",1,100
"ancient_rome","knife",1,100
"ancient_rome","ladder",1,100
"ancient_rome","leopard",1,100
"ancient_rome","line",1,100
"ancient_rome","lion",1,100
"ancient_rome","lions",1,100
"ancient_rome","lot",1,100
"ancient_rome","lots",1,100
"ancient_rome","man",1,100
"ancient_rome","middle",1,100
"ancient_rome","napkin",1,100
"ancient_rome","neck",1,100
"ancient_rome","ought",1,100
"ancient_rome","paddling",1,100
"ancient_rome","people",1,100
"ancient_rome","person",1,100
"ancient_rome","phalanx",1,100
"ancient_rome","picture",1,100
"ancient_rome","podium",1,100
"ancient_rome","pool",1,100
"ancient_rome","process",1,100
"ancient_rome","pyramid",1,100
"ancient_rome","rank",1,100
"ancient_rome","rome",1,100
"ancient_rome","screen",1,100
"ancient_rome","seating",1,100
"ancient_rome","severity",1,100
"ancient_rome","shoe",1,100
"ancient_rome","side",1,100
"ancient_rome","situation",1,100
"ancient_rome","soul",1,100
"ancient_rome","spear",1,100
"ancient_rome","spectator",1,100
"ancient_rome","strongman",1,100
"ancient_rome","supper",1,100
"ancient_rome","thing",1,100
"ancient_rome","wall",1,100
"ancient_rome","zandura",1,100
"arrival-1","apron",1,100
"arrival-1","area",1,100
"arrival-1","arrive",1,100
"arrival-1","background",1,100
"arrival-1","bank",1,100
"arrival-1","bed",1,100
"arrival-1","bedding",1,100
"arrival-1","belt",1,100
"arrival-1","bird",1,100
"arrival-1","boat",1,100
"arrival-1","boot",1,100
"arrival-1","bow",1,100
"arrival-1","bowl",1,100
"arrival-1","briefcase",1,100
"arrival-1","broken",1,100
"arrival-1","buckle",1,100
"arrival-1","building",1,100
"arrival-1","but",1,100
"arrival-1","cabin",1,100
"arrival-1","case",1,100
"arrival-1","caster",1,100
"arrival-1","character",1,100
"arrival-1","chest",1,100
"arrival-1","child",1,100
"arrival-1","chimney",1,100
"arrival-1","clock",1,100
"arrival-1","crack",1,100
"arrival-1","cup",1,100
"arrival-1","deck",1,100
"arrival-1","despondent",1,100
"arrival-1","distance",1,100
"arrival-1","dock",1,100
"arrival-1","dragon",1,100
"arrival-1","edge",1,100
"arrival-1","engine",1,100
"arrival-1","eye",1,100
"arrival-1","family",1,100
"arrival-1","father",1,100
"arrival-1","funnel",1,100
"arrival-1","gift",1,100
"arrival-1","girl",1,100
"arrival-1","growth",1,100
"arrival-1","guy",1,100
"arrival-1","hand",1,100
"arrival-1","hat",1,100
"arrival-1","head",1,100
"arrival-1","hold",1,100
"arrival-1","home",1,100
"arrival-1","hook",1,100
"arrival-1","hug",1,100
"arrival-1","image",1,100
"arrival-1","iron",1,100
"arrival-1","journey",1,100
"arrival-1","kitchen",1,100
"arrival-1","ladle",1,100
"arrival-1","lid",1,100
"arrival-1","lot",1,100
"arrival-1","luggage",1,100
"arrival-1","man",1,100
"arrival-1","mention",1,100
"arrival-1","metal",1,100
"arrival-1","morning",1,100
"arrival-1","mother",1,100
"arrival-1","mr",1,100
"arrival-1","one",1,100
"arrival-1","origami",1,100
"arrival-1","package",1,100
"arrival-1","page",1,100
"arrival-1","paper",1,100
"arrival-1","passengers",1,100
"arrival-1","pen",1,100
"arrival-1","people",1,100
"arrival-1","photograph",1,100
"arrival-1","physique",1,100
"arrival-1","picture",1,100
"arrival-1","pigeon",1,100
"arrival-1","place",1,100
"arrival-1","platform",1,100
"arrival-1","porridge",1,100
"arrival-1","port",1,100
"arrival-1","portal",1,100
"arrival-1","portrain",1,100
"arrival-1","pot",1,100
"arrival-1","range",1,100
"arrival-1","room",1,100
"arrival-1","row",1,100
"arrival-1","scarf",1,100
"arrival-1","shadow",1,100
"arrival-1","shelf",1,100
"arrival-1","ship",1,100
"arrival-1","side",1,100
"arrival-1","smoke",1,100
"arrival-1","spike",1,100
"arrival-1","spiny",1,100
"arrival-1","station",1,100
"arrival-1","steam",1,100
"arrival-1","strap",1,100
"arrival-1","street",1,100
"arrival-1","string",1,100
"arrival-1","suitcase",1,100
"arrival-1","table",1,100
"arrival-1","tail",1,100
"arrival-1","take",1,100
"arrival-1","tania",1,100
"arrival-1","tassel",1,100
"arrival-1","tea",1,100
"arrival-1","teapot",1,100
"arrival-1","thing",1,100
"arrival-1","thumbnail",1,100
"arrival-1","ticket",1,100
"arrival-1","top",1,100
"arrival-1","train",1,100
"arrival-1","travel",1,100
"arrival-1","trunk",1,100
"arrival-1","type",1,100
"arrival-1","wall",1,100
"arrival-1","wife",1,100
"arrival-1","woman",1,100
"arrival-2","approach",1,100
"arrival-2","arm",1,100
"arrival-2","attention",1,100
"arrival-2","attire",1,100
"arrival-2","belonging",1,100
"arrival-2","bird",1,100
"arrival-2","boat",1,100
"arrival-2","boats",1,100
"arrival-2","boy",1,100
"arrival-2","building",1,100
"arrival-2","cap",1,100
"arrival-2","century",1,100
"arrival-2","channel",1,100
"arrival-2","child",1,100
"arrival-2","city",1,100
"arrival-2","cityscape",1,100
"arrival-2","cloud",1,100
"arrival-2","collar",1,100
"arrival-2","container",1,100
"arrival-2","crawl",1,100
"arrival-2","crew",1,100
"arrival-2","deck",1,100
"arrival-2","disappear",1,100
"arrival-2","dock",1,100
"arrival-2","dozen",1,100
"arrival-2","eagle",1,100
"arrival-2","engines",1,100
"arrival-2","entrance",1,100
"arrival-2","eye",1,100
"arrival-2","faiz",1,100
"arrival-2","family",1,100
"arrival-2","flamingo",1,100
"arrival-2","flock",1,100
"arrival-2","gangplank",1,100
"arrival-2","gate",1,100
"arrival-2","hand",1,100
"arrival-2","harbor",1,100
"arrival-2","harbour",1,100
"arrival-2","hat",1,100
"arrival-2","image",1,100
"arrival-2","immigrant",1,100
"arrival-2","infant",1,100
"arrival-2","instruction",1,100
"arrival-2","journal",1,100
"arrival-2","land",1,100
"arrival-2","left",1,100
"arrival-2","lot",1,100
"arrival-2","luggage",1,100
"arrival-2","man",1,100
"arrival-2","marker",1,100
"arrival-2","megaphone",1,100
"arrival-2","member",1,100
"arrival-2","middle",1,100
"arrival-2","monkey",1,100
"arrival-2","one",1,100
"arrival-2","origami",1,100
"arrival-2","page",1,100
"arrival-2","paper",1,100
"arrival-2","parrot",1,100
"arrival-2","people",1,100
"arrival-2","person",1,100
"arrival-2","picture",1,100
"arrival-2","pointy",1,100
"arrival-2","postcard",1,100
"arrival-2","rabbit",1,100
"arrival-2","railing",1,100
"arrival-2","rest",1,100
"arrival-2","rise",1,100
"arrival-2","sail",1,100
"arrival-2","score",1,100
"arrival-2","screen",1,100
"arrival-2","series",1,100
"arrival-2","ship",1,100
"arrival-2","shirt",1,100
"arrival-2","shoulder",1,100
"arrival-2","side",1,100
"arrival-2","smoke",1,100
"arrival-2","sort",1,100
"arrival-2","statue",1,100
"arrival-2","steam",1,100
"arrival-2","steamboat",1,100
"arrival-2","story",1,100
"arrival-2","suit",1,100
"arrival-2","suitcase",1,100
"arrival-2","taile",1,100
"arrival-2","teapot",1,100
"arrival-2","theme",1,100
"arrival-2","tie",1,100
"arrival-2","time",1,100
"arrival-2","titanic",1,100
"arrival-2","tone",1,100
"arrival-2","view",1,100
"arrival-2","woman",1,100
"arrival-3","accordion",1,100
"arrival-3","arm",1,100
"arrival-3","arrow",1,100
"arrival-3","background",1,100
"arrival-3","barbershop",1,100
"arrival-3","basket",1,100
"arrival-3","bed",1,100
"arrival-3","bicycle",1,100
"arrival-3","book",1,100
"arrival-3","box",1,100
"arrival-3","boy",1,100
"arrival-3","building",1,100
"arrival-3","busker",1,100
"arrival-3","cat",1,100
"arrival-3","certainty",1,100
"arrival-3","chap",1,100
"arrival-3","chicken",1,100
"arrival-3","child",1,100
"arrival-3","ching",1,100
"arrival-3","city",1,100
"arrival-3","clockwork",1,100
"arrival-3","color",1,100
"arrival-3","combination",1,100
"arrival-3","compass",1,100
"arrival-3","contraption",1,100
"arrival-3","couple",1,100
"arrival-3","crab",1,100
"arrival-3","creature",1,100
"arrival-3","cup",1,100
"arrival-3","day",1,100
"arrival-3","destination",1,100
"arrival-3","discription",1,100
"arrival-3","dot",1,100
"arrival-3","ears",1,100
"arrival-3","egg",1,100
"arrival-3","floor",1,100
"arrival-3","foe",1,100
"arrival-3","foot",1,100
"arrival-3","garment",1,100
"arrival-3","gizmo",1,100
"arrival-3","grasp",1,100
"arrival-3","ground",1,100
"arrival-3","hair",1,100
"arrival-3","hand",1,100
"arrival-3","hat",1,100
"arrival-3","head",1,100
"arrival-3","headline",1,100
"arrival-3","height",1,100
"arrival-3","hermit",1,100
"arrival-3","hold",1,100
"arrival-3","hotel",1,100
"arrival-3","image",1,100
"arrival-3","inche",1,100
"arrival-3","inside",1,100
"arrival-3","lap",1,100
"arrival-3","left",1,100
"arrival-3","length",1,100
"arrival-3","light",1,100
"arrival-3","lizard",1,100
"arrival-3","lot",1,100
"arrival-3","man",1,100
"arrival-3","map",1,100
"arrival-3","member",1,100
"arrival-3","middle",1,100
"arrival-3","middleton",1,100
"arrival-3","mind",1,100
"arrival-3","music",1,100
"arrival-3","neck",1,100
"arrival-3","necktie",1,100
"arrival-3","newspaper",1,100
"arrival-3","night",1,100
"arrival-3","nose",1,100
"arrival-3","notebook",1,100
"arrival-3","one",1,100
"arrival-3","page",1,100
"arrival-3","pair",1,100
"arrival-3","people",1,100
"arrival-3","picture",1,100
"arrival-3","piece",1,100
"arrival-3","pigeon",1,100
"arrival-3","pointy",1,100
"arrival-3","pram",1,100
"arrival-3","purpose",1,100
"arrival-3","rabbit",1,100
"arrival-3","reading",1,100
"arrival-3","respects",1,100
"arrival-3","road",1,100
"arrival-3","room",1,100
"arrival-3","row",1,100
"arrival-3","samaritan",1,100
"arrival-3","savior",1,100
"arrival-3","scene",1,100
"arrival-3","seller",1,100
"arrival-3","shave",1,100
"arrival-3","shoulder",1,100
"arrival-3","shoulders",1,100
"arrival-3","side",1,100
"arrival-3","sidewalk",1,100
"arrival-3","smoke",1,100
"arrival-3","snowflake",1,100
"arrival-3","sort",1,100
"arrival-3","spike",1,100
"arrival-3","stage",1,100
"arrival-3","stand",1,100
"arrival-3","steam",1,100
"arrival-3","street",1,100
"arrival-3","suitcase",1,100
"arrival-3","tea",1,100
"arrival-3","thing",1,100
"arrival-3","thumbnail",1,100
"arrival-3","time",1,100
"arrival-3","timepiece",1,100
"arrival-3","top",1,100
"arrival-3","travel",1,100
"arrival-3","trumpet",1,100
"arrival-3","tuck",1,100
"arrival-3","type",1,100
"arrival-3","vendor",1,100
"arrival-3","violin",1,100
"arrival-3","wall",1,100
"arrival-3","way",1,100
"arrival-3","wheel",1,100
"arrival-3","wherever",1,100
"arrival-3","wind",1,100
"arrival-3","woman",1,100
"arrival-3","work",1,100
"arrival-3","write",1,100
"arrival-3","year",1,100
"arrival-4","a",1,100
"arrival-4","act",1,100
"arrival-4","adventure",1,100
"arrival-4","advertising",1,100
"arrival-4","air",1,100
"arrival-4","alien",1,100
"arrival-4","apartment",1,100
"arrival-4","appear",1,100
"arrival-4","apron",1,100
"arrival-4","aqueduct",1,100
"arrival-4","arm",1,100
"arrival-4","arrow",1,100
"arrival-4","artichoke",1,100
"arrival-4","back",1,100
"arrival-4","background",1,100
"arrival-4","bag",1,100
"arrival-4","barrette",1,100
"arrival-4","basket",1,100
"arrival-4","battle",1,100
"arrival-4","beach",1,100
"arrival-4","beard",1,100
"arrival-4","beast",1,100
"arrival-4","being",1,100
"arrival-4","bench",1,100
"arrival-4","bicycle",1,100
"arrival-4","bid",1,100
"arrival-4","billboard",1,100
"arrival-4","bird",1,100
"arrival-4","bit",1,100
"arrival-4","bits",1,100
"arrival-4","board",1,100
"arrival-4","boarding",1,100
"arrival-4","boat",1,100
"arrival-4","body",1,100
"arrival-4","boiler",1,100
"arrival-4","book",1,100
"arrival-4","boom",1,100
"arrival-4","boot",1,100
"arrival-4","bottle",1,100
"arrival-4","box",1,100
"arrival-4","boy",1,100
"arrival-4","bread",1,100
"arrival-4","bridge",1,100
"arrival-4","bright",1,100
"arrival-4","britain",1,100
"arrival-4","bug",1,100
"arrival-4","building",1,100
"arrival-4","burl",1,100
"arrival-4","business",1,100
"arrival-4","but",1,100
"arrival-4","button",1,100
"arrival-4","camera",1,100
"arrival-4","car",1,100
"arrival-4","cat",1,100
"arrival-4","cell",1,100
"arrival-4","chair",1,100
"arrival-4","character",1,100
"arrival-4","chest",1,100
"arrival-4","chestnut",1,100
"arrival-4","child",1,100
"arrival-4","chimmny",1,100
"arrival-4","chimney",1,100
"arrival-4","ching",1,100
"arrival-4","circle",1,100
"arrival-4","city",1,100
"arrival-4","closing",1,100
"arrival-4","clothes",1,100
"arrival-4","clothing",1,100
"arrival-4","cluster",1,100
"arrival-4","coat",1,100
"arrival-4","coddle",1,100
"arrival-4","coffee",1,100
"arrival-4","coin",1,100
"arrival-4","colour",1,100
"arrival-4","commuter",1,100
"arrival-4","conversation",1,100
"arrival-4","count",1,100
"arrival-4","couple",1,100
"arrival-4","creature",1,100
"arrival-4","cube",1,100
"arrival-4","cup",1,100
"arrival-4","cut",1,100
"arrival-4","data",1,100
"arrival-4","dealings",1,100
"arrival-4","deck",1,100
"arrival-4","deeds",1,100
"arrival-4","depiction",1,100
"arrival-4","description",1,100
"arrival-4","design",1,100
"arrival-4","detail",1,100
"arrival-4","dial",1,100
"arrival-4","direction",1,100
"arrival-4","distance",1,100
"arrival-4","dock",1,100
"arrival-4","dog",1,100
"arrival-4","door",1,100
"arrival-4","doorway",1,100
"arrival-4","dragon",1,100
"arrival-4","draw",1,100
"arrival-4","drawer",1,100
"arrival-4","ear",1,100
"arrival-4","ears",1,100
"arrival-4","egg",1,100
"arrival-4","emigrating",1,100
"arrival-4","emperor",1,100
"arrival-4","engine",1,100
"arrival-4","equipment",1,100
"arrival-4","extension",1,100
"arrival-4","eye",1,100
"arrival-4","eyes",1,100
"arrival-4","fact",1,100
"arrival-4","factory",1,100
"arrival-4","father",1,100
"arrival-4","feature",1,100
"arrival-4","finger",1,100
"arrival-4","fire",1,100
"arrival-4","firebox",1,100
"arrival-4","fish",1,100
"arrival-4","flap",1,100
"arrival-4","food",1,100
"arrival-4","foodstuff",1,100
"arrival-4","foot",1,100
"arrival-4","freeway",1,100
"arrival-4","friend",1,100
"arrival-4","funnel",1,100
"arrival-4","gentleman",1,100
"arrival-4","giant",1,100
"arrival-4","girl",1,100
"arrival-4","good",1,100
"arrival-4","greek",1,100
"arrival-4","ground",1,100
"arrival-4","group",1,100
"arrival-4","guy",1,100
"arrival-4","half",1,100
"arrival-4","hand",1,100
"arrival-4","handle",1,100
"arrival-4","hat",1,100
"arrival-4","hatch",1,100
"arrival-4","have",1,100
"arrival-4","head",1,100
"arrival-4","headscarf",1,100
"arrival-4","hole",1,100
"arrival-4","horn",1,100
"arrival-4","huddle",1,100
"arrival-4","hunt",1,100
"arrival-4","idea",1,100
"arrival-4","image",1,100
"arrival-4","inclosure",1,100
"arrival-4","index",1,100
"arrival-4","instruction",1,100
"arrival-4","interest",1,100
"arrival-4","item",1,100
"arrival-4","jacket",1,100
"arrival-4","jimmie",1,100
"arrival-4","john",1,100
"arrival-4","journey",1,100
"arrival-4","king",1,100
"arrival-4","knee",1,100
"arrival-4","ladder",1,100
"arrival-4","land",1,100
"arrival-4","language",1,100
"arrival-4","layout",1,100
"arrival-4","leap",1,100
"arrival-4","leave",1,100
"arrival-4","left",1,100
"arrival-4","leg",1,100
"arrival-4","life",1,100
"arrival-4","line",1,100
"arrival-4","lizard",1,100
"arrival-4","loaf",1,100
"arrival-4","look",1,100
"arrival-4","lot",1,100
"arrival-4","machine",1,100
"arrival-4","mailbox",1,100
"arrival-4","man",1,100
"arrival-4","map",1,100
"arrival-4","matter",1,100
"arrival-4","megaphone",1,100
"arrival-4","member",1,100
"arrival-4","middle",1,100
"arrival-4","milk",1,100
"arrival-4","money",1,100
"arrival-4","moogie",1,100
"arrival-4","morning",1,100
"arrival-4","mouth",1,100
"arrival-4","neck",1,100
"arrival-4","need",1,100
"arrival-4","newspaper",1,100
"arrival-4","normal",1,100
"arrival-4","nose",1,100
"arrival-4","notebook",1,100
"arrival-4","notepad",1,100
"arrival-4","number",1,100
"arrival-4","octopuse",1,100
"arrival-4","on",1,100
"arrival-4","one",1,100
"arrival-4","onion",1,100
"arrival-4","oriental",1,100
"arrival-4","owl",1,100
"arrival-4","padde",1,100
"arrival-4","paddle",1,100
"arrival-4","padlock",1,100
"arrival-4","page",1,100
"arrival-4","palm",1,100
"arrival-4","paper",1,100
"arrival-4","parrot",1,100
"arrival-4","part",1,100
"arrival-4","party",1,100
"arrival-4","passengers",1,100
"arrival-4","passport",1,100
"arrival-4","path",1,100
"arrival-4","patient",1,100
"arrival-4","peculiar",1,100
"arrival-4","pedestrian",1,100
"arrival-4","people",1,100
"arrival-4","perhaps",1,100
"arrival-4","photograph",1,100
"arrival-4","picture",1,100
"arrival-4","piece",1,100
"arrival-4","pocket",1,100
"arrival-4","pod",1,100
"arrival-4","point",1,100
"arrival-4","pointy",1,100
"arrival-4","ponder",1,100
"arrival-4","popcorn",1,100
"arrival-4","portion",1,100
"arrival-4","poster",1,100
"arrival-4","pot",1,100
"arrival-4","prawn",1,100
"arrival-4","prisoner",1,100
"arrival-4","problem",1,100
"arrival-4","procession",1,100
"arrival-4","product",1,100
"arrival-4","proof",1,100
"arrival-4","purchase",1,100
"arrival-4","question",1,100
"arrival-4","rag",1,100
"arrival-4","railway",1,100
"arrival-4","range",1,100
"arrival-4","reader",1,100
"arrival-4","referee",1,100
"arrival-4","reptile",1,100
"arrival-4","right",1,100
"arrival-4","ripple",1,100
"arrival-4","road",1,100
"arrival-4","robot",1,100
"arrival-4","rotary",1,100
"arrival-4","row",1,100
"arrival-4","sailor",1,100
"arrival-4","sand",1,100
"arrival-4","scarf",1,100
"arrival-4","scene",1,100
"arrival-4","school",1,100
"arrival-4","screen",1,100
"arrival-4","sea",1,100
"arrival-4","sebia",1,100
"arrival-4","series",1,100
"arrival-4","shakes",1,100
"arrival-4","shaking",1,100
"arrival-4","ship",1,100
"arrival-4","shoe",1,100
"arrival-4","shoelace",1,100
"arrival-4","shoulder",1,100
"arrival-4","shoulders",1,100
"arrival-4","shovel",1,100
"arrival-4","show",1,100
"arrival-4","shy",1,100
"arrival-4","side",1,100
"arrival-4","sidewalk",1,100
"arrival-4","size",1,100
"arrival-4","sky",1,100
"arrival-4","smoke",1,100
"arrival-4","smokey",1,100
"arrival-4","smoking",1,100
"arrival-4","snake",1,100
"arrival-4","sort",1,100
"arrival-4","soul",1,100
"arrival-4","space",1,100
"arrival-4","spectacle",1,100
"arrival-4","square",1,100
"arrival-4","stage",1,100
"arrival-4","stair",1,100
"arrival-4","staircase",1,100
"arrival-4","stamp",1,100
"arrival-4","state",1,100
"arrival-4","station",1,100
"arrival-4","statue",1,100
"arrival-4","steam",1,100
"arrival-4","steamer",1,100
"arrival-4","strange",1,100
"arrival-4","street",1,100
"arrival-4","stuff",1,100
"arrival-4","subsidy",1,100
"arrival-4","suspender",1,100
"arrival-4","sweep",1,100
"arrival-4","t",1,100
"arrival-4","table",1,100
"arrival-4","tail",1,100
"arrival-4","tale",1,100
"arrival-4","team",1,100
"arrival-4","telephone",1,100
"arrival-4","tentacle",1,100
"arrival-4","thing",1,100
"arrival-4","thumb",1,100
"arrival-4","thumbnail",1,100
"arrival-4","ticket",1,100
"arrival-4","time",1,100
"arrival-4","top",1,100
"arrival-4","town",1,100
"arrival-4","traffic",1,100
"arrival-4","train",1,100
"arrival-4","transaction",1,100
"arrival-4","type",1,100
"arrival-4","uniform",1,100
"arrival-4","up",1,100
"arrival-4","vaculik",1,100
"arrival-4","variety",1,100
"arrival-4","victoria",1,100
"arrival-4","video",1,100
"arrival-4","wagon",1,100
"arrival-4","waist",1,100
"arrival-4","wall",1,100
"arrival-4","washing",1,100
"arrival-4","water",1,100
"arrival-4","way",1,100
"arrival-4","wicker",1,100
"arrival-4","wigwam",1,100
"arrival-4","woman",1,100
"arrival-4","wonder",1,100
"arrival-4","woolly",1,100
"arrival-4","word",1,100
"arrival-4","work",1,100
"arrival-4","workman",1,100
"being_a_pirate","assailant",1,100
"being_a_pirate","attacker",1,100
"being_a_pirate","background",1,100
"being_a_pirate","battle",1,100
"being_a_pirate","beach",1,100
"being_a_pirate","biotech",1,100
"being_a_pirate","bird",1,100
"being_a_pirate","board",1,100
"being_a_pirate","boat",1,100
"being_a_pirate","boats",1,100
"being_a_pirate","boom",1,100
"being_a_pirate","branch",1,100
"being_a_pirate","business",1,100
"being_a_pirate","cannon",1,100
"being_a_pirate","cannonball",1,100
"being_a_pirate","cloud",1,100
"being_a_pirate","colour",1,100
"being_a_pirate","control",1,100
"being_a_pirate","cross",1,100
"being_a_pirate","crossbone",1,100
"being_a_pirate","day",1,100
"being_a_pirate","defender",1,100
"being_a_pirate","examine",1,100
"being_a_pirate","fact",1,100
"being_a_pirate","flag",1,100
"being_a_pirate","foot",1,100
"being_a_pirate","golf",1,100
"being_a_pirate","green",1,100
"being_a_pirate","ground",1,100
"being_a_pirate","guy",1,100
"being_a_pirate","half",1,100
"being_a_pirate","hardship",1,100
"being_a_pirate","hit",1,100
"being_a_pirate","image",1,100
"being_a_pirate","industry",1,100
"being_a_pirate","island",1,100
"being_a_pirate","land",1,100
"being_a_pirate","larger",1,100
"being_a_pirate","lifeboats",1,100
"being_a_pirate","manner",1,100
"being_a_pirate","mask",1,100
"being_a_pirate","middle",1,100
"being_a_pirate","mouth",1,100
"being_a_pirate","one",1,100
"being_a_pirate","palm",1,100
"being_a_pirate","penguin",1,100
"being_a_pirate","people",1,100
"being_a_pirate","piece",1,100
"being_a_pirate","pirate",1,100
"being_a_pirate","place",1,100
"being_a_pirate","portion",1,100
"being_a_pirate","prisoner",1,100
"being_a_pirate","puffs",1,100
"being_a_pirate","rain",1,100
"being_a_pirate","rigging",1,100
"being_a_pirate","roger",1,100
"being_a_pirate","rowing",1,100
"being_a_pirate","rule",1,100
"being_a_pirate","sea",1,100
"being_a_pirate","see",1,100
"being_a_pirate","sheer",1,100
"being_a_pirate","ship",1,100
"being_a_pirate","shiver",1,100
"being_a_pirate","shore",1,100
"being_a_pirate","shot",1,100
"being_a_pirate","side",1,100
"being_a_pirate","signup",1,100
"being_a_pirate","skull",1,100
"being_a_pirate","smoke",1,100
"being_a_pirate","splash",1,100
"being_a_pirate","squid",1,100
"being_a_pirate","sunk",1,100
"being_a_pirate","tendon",1,100
"being_a_pirate","thing",1,100
"being_a_pirate","thought",1,100
"being_a_pirate","tree",1,100
"being_a_pirate","uniform",1,100
"being_a_pirate","vendor",1,100
"being_a_pirate","virus",1,100
"being_a_pirate","water",1,100
"by_the_lake","anchor",1,100
"by_the_lake","background",1,100
"by_the_lake","bark",1,100
"by_the_lake","be",1,100
"by_the_lake","bed",1,100
"by_the_lake","board",1,100
"by_the_lake","boat",1,100
"by_the_lake","building",1,100
"by_the_lake","cabin",1,100
"by_the_lake","car",1,100
"by_the_lake","center",1,100
"by_the_lake","character",1,100
"by_the_lake","danger",1,100
"by_the_lake","day",1,100
"by_the_lake","demonstration",1,100
"by_the_lake","direction",1,100
"by_the_lake","dog",1,100
"by_the_lake","dot",1,100
"by_the_lake","england",1,100
"by_the_lake","excitement",1,100
"by_the_lake","fellow",1,100
"by_the_lake","glove",1,100
"by_the_lake","guitar",1,100
"by_the_lake","hair",1,100
"by_the_lake","hand",1,100
"by_the_lake","hat",1,100
"by_the_lake","hundred",1,100
"by_the_lake","hyper",1,100
"by_the_lake","igloo",1,100
"by_the_lake","jam",1,100
"by_the_lake","jar",1,100
"by_the_lake","lake",1,100
"by_the_lake","log",1,100
"by_the_lake","lot",1,100
"by_the_lake","machine",1,100
"by_the_lake","making",1,100
"by_the_lake","motorboat",1,100
"by_the_lake","mountains",1,100
"by_the_lake","move",1,100
"by_the_lake","name",1,100
"by_the_lake","number",1,100
"by_the_lake","one",1,100
"by_the_lake","paddle",1,100
"by_the_lake","page",1,100
"by_the_lake","paraglide",1,100
"by_the_lake","penguin",1,100
"by_the_lake","people",1,100
"by_the_lake","place",1,100
"by_the_lake","plenty",1,100
"by_the_lake","prayer",1,100
"by_the_lake","pyramid",1,100
"by_the_lake","raft",1,100
"by_the_lake","rescuer",1,100
"by_the_lake","sand",1,100
"by_the_lake","sandcastle",1,100
"by_the_lake","scene",1,100
"by_the_lake","school",1,100
"by_the_lake","segway",1,100
"by_the_lake","side",1,100
"by_the_lake","snow",1,100
"by_the_lake","sport",1,100
"by_the_lake","sunshine",1,100
"by_the_lake","swimming",1,100
"by_the_lake","tales",1,100
"by_the_lake","thing",1,100
"by_the_lake","tier",1,100
"by_the_lake","time",1,100
"by_the_lake","tire",1,100
"by_the_lake","top",1,100
"by_the_lake","volunteer",1,100
"by_the_lake","waist",1,100
"by_the_lake","water",1,100
"by_the_lake","yalta",1,100
"by_the_lake","yappe",1,100
"escape_from_the_zoo","a",1,100
"escape_from_the_zoo","airplane",1,100
"escape_from_the_zoo","animal",1,100
"escape_from_the_zoo","background",1,100
"escape_from_the_zoo","bag",1,100
"escape_from_the_zoo","bear",1,100
"escape_from_the_zoo","bird",1,100
"escape_from_the_zoo","building",1,100
"escape_from_the_zoo","bull",1,100
"escape_from_the_zoo","bun",1,100
"escape_from_the_zoo","cafe",1,100
"escape_from_the_zoo","centre",1,100
"escape_from_the_zoo","chaos",1,100
"escape_from_the_zoo","child",1,100
"escape_from_the_zoo","city",1,100
"escape_from_the_zoo","cliff",1,100
"escape_from_the_zoo","cone",1,100
"escape_from_the_zoo","cream",1,100
"escape_from_the_zoo","crebe",1,100
"escape_from_the_zoo","cross",1,100
"escape_from_the_zoo","description",1,100
"escape_from_the_zoo","display",1,100
"escape_from_the_zoo","emu",1,100
"escape_from_the_zoo","enclosure",1,100
"escape_from_the_zoo","escape",1,100
"escape_from_the_zoo","excitement",1,100
"escape_from_the_zoo","face",1,100
"escape_from_the_zoo","fishing",1,100
"escape_from_the_zoo","flamingo",1,100
"escape_from_the_zoo","freedom",1,100
"escape_from_the_zoo","fun",1,100
"escape_from_the_zoo","giraffe",1,100
"escape_from_the_zoo","go",1,100
"escape_from_the_zoo","gopher",1,100
"escape_from_the_zoo","gorilla",1,100
"escape_from_the_zoo","hand",1,100
"escape_from_the_zoo","hippopotamus",1,100
"escape_from_the_zoo","hole",1,100
"escape_from_the_zoo","hyena",1,100
"escape_from_the_zoo","ice",1,100
"escape_from_the_zoo","kangaroo",1,100
"escape_from_the_zoo","lemur",1,100
"escape_from_the_zoo","life",1,100
"escape_from_the_zoo","lion",1,100
"escape_from_the_zoo","lip",1,100
"escape_from_the_zoo","lot",1,100
"escape_from_the_zoo","man",1,100
"escape_from_the_zoo","monkey",1,100
"escape_from_the_zoo","name",1,100
"escape_from_the_zoo","net",1,100
"escape_from_the_zoo","number",1,100
"escape_from_the_zoo","parrot",1,100
"escape_from_the_zoo","peacock",1,100
"escape_from_the_zoo","penguin",1,100
"escape_from_the_zoo","people",1,100
"escape_from_the_zoo","place",1,100
"escape_from_the_zoo","plan",1,100
"escape_from_the_zoo","pocket",1,100
"escape_from_the_zoo","polar",1,100
"escape_from_the_zoo","pram",1,100
"escape_from_the_zoo","rhinocero",1,100
"escape_from_the_zoo","ringtail",1,100
"escape_from_the_zoo","river",1,100
"escape_from_the_zoo","roof",1,100
"escape_from_the_zoo","saying",1,100
"escape_from_the_zoo","scene",1,100
"escape_from_the_zoo","shop",1,100
"escape_from_the_zoo","skateboarding",1,100
"escape_from_the_zoo","spike",1,100
"escape_from_the_zoo","spoonbill",1,100
"escape_from_the_zoo","stroller",1,100
"escape_from_the_zoo","thoroughfare",1,100
"escape_from_the_zoo","ticket",1,100
"escape_from_the_zoo","toucan",1,100
"escape_from_the_zoo","tree",1,100
"escape_from_the_zoo","vendor",1,100
"escape_from_the_zoo","window",1,100
"escape_from_the_zoo","zebra",1,100
"escape_from_the_zoo","zoo",1,100
"exhibit-12","area",1,100
"exhibit-12","balcony",1,100
"exhibit-12","break",1,100
"exhibit-12","building",1,100
"exhibit-12","cat",1,100
"exhibit-12","clamouring",1,100
"exhibit-12","couple",1,100
"exhibit-12","direction",1,100
"exhibit-12","dog",1,100
"exhibit-12","dress",1,100
"exhibit-12","entry",1,100
"exhibit-12","fish",1,100
"exhibit-12","floor",1,100
"exhibit-12","horse",1,100
"exhibit-12","hundred",1,100
"exhibit-12","inside",1,100
"exhibit-12","instance",1,100
"exhibit-12","king",1,100
"exhibit-12","lot",1,100
"exhibit-12","middle",1,100
"exhibit-12","painting",1,100
"exhibit-12","people",1,100
"exhibit-12","photograph",1,100
"exhibit-12","picture",1,100
"exhibit-12","portrait",1,100
"exhibit-12","puddle",1,100
"exhibit-12","room",1,100
"exhibit-12","row",1,100
"exhibit-12","scene",1,100
"exhibit-12","series",1,100
"exhibit-12","shark",1,100
"exhibit-12","shotgun",1,100
"exhibit-12","sketch",1,100
"exhibit-12","street",1,100
"exhibit-12","thing",1,100
"exhibit-12","wall",1,100
"exhibit-12","walls",1,100
"exhibit-12","wedding",1,100
"flowerman","-cola.",1,100
"flowerman","abatement",1,100
"flowerman","alleyway",1,100
"flowerman","anchor",1,100
"flowerman","angle",1,100
"flowerman","apron",1,100
"flowerman","arm",1,100
"flowerman","artist",1,100
"flowerman","back",1,100
"flowerman","background",1,100
"flowerman","bag",1,100
"flowerman","bait",1,100
"flowerman","baker",1,100
"flowerman","balcony",1,100
"flowerman","bald",1,100
"flowerman","balloon",1,100
"flowerman","bar",1,100
"flowerman","barbecue",1,100
"flowerman","bbq",1,100
"flowerman","be",1,100
"flowerman","beard",1,100
"flowerman","bird",1,100
"flowerman","bit",1,100
"flowerman","blackness",1,100
"flowerman","bling",1,100
"flowerman","blossom",1,100
"flowerman","blue",1,100
"flowerman","board",1,100
"flowerman","boat",1,100
"flowerman","book",1,100
"flowerman","bow",1,100
"flowerman","bowty",1,100
"flowerman","box",1,100
"flowerman","boy",1,100
"flowerman","branch",1,100
"flowerman","bridge",1,100
"flowerman","brothers",1,100
"flowerman","brush",1,100
"flowerman","buddy",1,100
"flowerman","building",1,100
"flowerman","buildings",1,100
"flowerman","business",1,100
"flowerman","businessman",1,100
"flowerman","cafe",1,100
"flowerman","car",1,100
"flowerman","carpet",1,100
"flowerman","cart",1,100
"flowerman","case",1,100
"flowerman","cast",1,100
"flowerman","cat",1,100
"flowerman","cavalier",1,100
"flowerman","cavern",1,100
"flowerman","cell",1,100
"flowerman","chair",1,100
"flowerman","chap",1,100
"flowerman","character",1,100
"flowerman","characters",1,100
"flowerman","chef",1,100
"flowerman","chest",1,100
"flowerman","child",1,100
"flowerman","chimney",1,100
"flowerman","ching",1,100
"flowerman","cigarette",1,100
"flowerman","clock",1,100
"flowerman","cloud",1,100
"flowerman","clouds",1,100
"flowerman","coat",1,100
"flowerman","coca",1,100
"flowerman","cola",1,100
"flowerman","color",1,100
"flowerman","company",1,100
"flowerman","corkscrew",1,100
"flowerman","corner",1,100
"flowerman","couple",1,100
"flowerman","cover",1,100
"flowerman","crash",1,100
"flowerman","cream",1,100
"flowerman","creams",1,100
"flowerman","crebe",1,100
"flowerman","cycle",1,100
"flowerman","dancing",1,100
"flowerman","day",1,100
"flowerman","daytime",1,100
"flowerman","deal",1,100
"flowerman","delivery",1,100
"flowerman","derelict",1,100
"flowerman","description",1,100
"flowerman","developer",1,100
"flowerman","direction",1,100
"flowerman","display",1,100
"flowerman","disrepair",1,100
"flowerman","distance",1,100
"flowerman","dog",1,100
"flowerman","door",1,100
"flowerman","doorway",1,100
"flowerman","downstair",1,100
"flowerman","draw",1,100
"flowerman","dress",1,100
"flowerman","drinking",1,100
"flowerman","drive",1,100
"flowerman","drunk",1,100
"flowerman","ear",1,100
"flowerman","easel",1,100
"flowerman","edge",1,100
"flowerman","effect",1,100
"flowerman","entrance",1,100
"flowerman","episode",1,100
"flowerman","evening",1,100
"flowerman","event",1,100
"flowerman","eye",1,100
"flowerman","factor",1,100
"flowerman","factory",1,100
"flowerman","fallen",1,100
"flowerman","family",1,100
"flowerman","fat",1,100
"flowerman","father",1,100
"flowerman","feeling",1,100
"flowerman","fellow",1,100
"flowerman","female",1,100
"flowerman","ferris",1,100
"flowerman","floor",1,100
"flowerman","flower",1,100
"flowerman","foot",1,100
"flowerman","football",1,100
"flowerman","fountain",1,100
"flowerman","front",1,100
"flowerman","fur",1,100
"flowerman","game",1,100
"flowerman","gas",1,100
"flowerman","gentleman",1,100
"flowerman","gift",1,100
"flowerman","girl",1,100
"flowerman","girlfriend",1,100
"flowerman","glass",1,100
"flowerman","goatee",1,100
"flowerman","gobbler",1,100
"flowerman","green",1,100
"flowerman","greens",1,100
"flowerman","grill",1,100
"flowerman","ground",1,100
"flowerman","guitar",1,100
"flowerman","hair",1,100
"flowerman","half",1,100
"flowerman","hand",1,100
"flowerman","harry",1,100
"flowerman","hat",1,100
"flowerman","head",1,100
"flowerman","helmet",1,100
"flowerman","hold",1,100
"flowerman","horse",1,100
"flowerman","hotel",1,100
"flowerman","house",1,100
"flowerman","hydrant",1,100
"flowerman","ice",1,100
"flowerman","image",1,100
"flowerman","inside",1,100
"flowerman","interaction",1,100
"flowerman","interview",1,100
"flowerman","jacket",1,100
"flowerman","jet",1,100
"flowerman","kind",1,100
"flowerman","lady",1,100
"flowerman","lamp",1,100
"flowerman","lawn",1,100
"flowerman","leaning",1,100
"flowerman","ledge",1,100
"flowerman","left",1,100
"flowerman","leg",1,100
"flowerman","lender",1,100
"flowerman","level",1,100
"flowerman","life",1,100
"flowerman","light",1,100
"flowerman","lights",1,100
"flowerman","lk",1,100
"flowerman","lot",1,100
"flowerman","man",1,100
"flowerman","map",1,100
"flowerman","mario",1,100
"flowerman","match",1,100
"flowerman","maybe",1,100
"flowerman","meeting",1,100
"flowerman","middle",1,100
"flowerman","might",1,100
"flowerman","milk",1,100
"flowerman","milkman",1,100
"flowerman","model",1,100
"flowerman","monkey",1,100
"flowerman","morning",1,100
"flowerman","motor",1,100
"flowerman","motorcycle",1,100
"flowerman","mover",1,100
"flowerman","mustache",1,100
"flowerman","night",1,100
"flowerman","nixon",1,100
"flowerman","nose",1,100
"flowerman","notable",1,100
"flowerman","notepad",1,100
"flowerman","number",1,100
"flowerman","one",1,100
"flowerman","opening",1,100
"flowerman","overnight",1,100
"flowerman","packages",1,100
"flowerman","page",1,100
"flowerman","painting",1,100
"flowerman","paper",1,100
"flowerman","path",1,100
"flowerman","peak",1,100
"flowerman","peculiarity",1,100
"flowerman","pedestrian",1,100
"flowerman","people",1,100
"flowerman","person",1,100
"flowerman","phantom",1,100
"flowerman","pickup",1,100
"flowerman","picture",1,100
"flowerman","pipe",1,100
"flowerman","pirate",1,100
"flowerman","planet",1,100
"flowerman","plot",1,100
"flowerman","pocket",1,100
"flowerman","possession",1,100
"flowerman","post",1,100
"flowerman","potter",1,100
"flowerman","printout",1,100
"flowerman","problem",1,100
"flowerman","proclamation",1,100
"flowerman","professor",1,100
"flowerman","property",1,100
"flowerman","pull",1,100
"flowerman","railing",1,100
"flowerman","ranger",1,100
"flowerman","rather",1,100
"flowerman","red",1,100
"flowerman","removal",1,100
"flowerman","reside",1,100
"flowerman","result",1,100
"flowerman","right",1,100
"flowerman","river",1,100
"flowerman","rivers",1,100
"flowerman","roman",1,100
"flowerman","roof",1,100
"flowerman","roofline",1,100
"flowerman","rooftop",1,100
"flowerman","room",1,100
"flowerman","round",1,100
"flowerman","rule",1,100
"flowerman","saddle",1,100
"flowerman","sail",1,100
"flowerman","sailor",1,100
"flowerman","sale",1,100
"flowerman","salesman",1,100
"flowerman","satchel",1,100
"flowerman","scale",1,100
"flowerman","scan",1,100
"flowerman","scarf",1,100
"flowerman","scene",1,100
"flowerman","school",1,100
"flowerman","scientist",1,100
"flowerman","scooter",1,100
"flowerman","screen",1,100
"flowerman","screw",1,100
"flowerman","shaker",1,100
"flowerman","shirt",1,100
"flowerman","shop",1,100
"flowerman","shopping",1,100
"flowerman","shoulder",1,100
"flowerman","shoulders",1,100
"flowerman","shutter",1,100
"flowerman","side",1,100
"flowerman","sideboard",1,100
"flowerman","sidewalk",1,100
"flowerman","sign",1,100
"flowerman","sitting",1,100
"flowerman","skirt",1,100
"flowerman","sky",1,100
"flowerman","smoke",1,100
"flowerman","snowflake",1,100
"flowerman","soccer",1,100
"flowerman","sofa",1,100
"flowerman","sort",1,100
"flowerman","spectacle",1,100
"flowerman","sport",1,100
"flowerman","st",1,100
"flowerman","stair",1,100
"flowerman","staircase",1,100
"flowerman","star",1,100
"flowerman","starr",1,100
"flowerman","start",1,100
"flowerman","station",1,100
"flowerman","statue",1,100
"flowerman","steal",1,100
"flowerman","step",1,100
"flowerman","street",1,100
"flowerman","streets",1,100
"flowerman","stroll",1,100
"flowerman","suite",1,100
"flowerman","sun",1,100
"flowerman","sunset",1,100
"flowerman","talk",1,100
"flowerman","technical",1,100
"flowerman","tee",1,100
"flowerman","telescope",1,100
"flowerman","television",1,100
"flowerman","tent",1,100
"flowerman","these",1,100
"flowerman","thing",1,100
"flowerman","tie",1,100
"flowerman","tile",1,100
"flowerman","time",1,100
"flowerman","toga",1,100
"flowerman","top",1,100
"flowerman","town",1,100
"flowerman","tree",1,100
"flowerman","trousers",1,100
"flowerman","truck",1,100
"flowerman","tuft",1,100
"flowerman","type",1,100
"flowerman","underneath",1,100
"flowerman","uniform",1,100
"flowerman","union",1,100
"flowerman","van",1,100
"flowerman","vehicle",1,100
"flowerman","video",1,100
"flowerman","view",1,100
"flowerman","village",1,100
"flowerman","waistband",1,100
"flowerman","walk",1,100
"flowerman","walking",1,100
"flowerman","wall",1,100
"flowerman","walls",1,100
"flowerman","war",1,100
"flowerman","water",1,100
"flowerman","way",1,100
"flowerman","wheel",1,100
"flowerman","wheelchair",1,100
"flowerman","white",1,100
"flowerman","willow",1,100
"flowerman","window",1,100
"flowerman","winter",1,100
"flowerman","woman",1,100
"flowerman","work",1,100
"journey","a",1,100
"journey","adventure",1,100
"journey","air",1,100
"journey","airespect",1,100
"journey","ant",1,100
"journey","aqueduct",1,100
"journey","architecture",1,100
"journey","arm",1,100
"journey","arrow",1,100
"journey","artery",1,100
"journey","athen",1,100
"journey","background",1,100
"journey","bag",1,100
"journey","balcony",1,100
"journey","ball",1,100
"journey","balloon",1,100
"journey","base",1,100
"journey","basket",1,100
"journey","battle",1,100
"journey","battlement",1,100
"journey","beaver",1,100
"journey","bed",1,100
"journey","bedroom",1,100
"journey","behind",1,100
"journey","bell",1,100
"journey","bicycle",1,100
"journey","bird",1,100
"journey","bit",1,100
"journey","board",1,100
"journey","boat",1,100
"journey","boiler",1,100
"journey","bookcase",1,100
"journey","boot",1,100
"journey","boy",1,100
"journey","bridge",1,100
"journey","build",1,100
"journey","building",1,100
"journey","cage",1,100
"journey","calculation",1,100
"journey","captain",1,100
"journey","card",1,100
"journey","carpet",1,100
"journey","castle",1,100
"journey","cat",1,100
"journey","chair",1,100
"journey","charle",1,100
"journey","charles",1,100
"journey","chest",1,100
"journey","child",1,100
"journey","chimney",1,100
"journey","ching",1,100
"journey","circle",1,100
"journey","city",1,100
"journey","cloud",1,100
"journey","clouds",1,100
"journey","cog",1,100
"journey","computer",1,100
"journey","consolation",1,100
"journey","construction",1,100
"journey","cord",1,100
"journey","corner",1,100
"journey","crane",1,100
"journey","crayon",1,100
"journey","creature",1,100
"journey","crown",1,100
"journey","cup",1,100
"journey","cupboard",1,100
"journey","dalla",1,100
"journey","daylight",1,100
"journey","despondent",1,100
"journey","device",1,100
"journey","dial",1,100
"journey","distance",1,100
"journey","dog",1,100
"journey","door",1,100
"journey","doorway",1,100
"journey","downstream",1,100
"journey","dragon",1,100
"journey","draw",1,100
"journey","drawer",1,100
"journey","droppings",1,100
"journey","earth",1,100
"journey","edge",1,100
"journey","emerge",1,100
"journey","end",1,100
"journey","escape",1,100
"journey","evidence",1,100
"journey","facebook",1,100
"journey","father",1,100
"journey","fedex",1,100
"journey","fella",1,100
"journey","fellas",1,100
"journey","fellow",1,100
"journey","fire",1,100
"journey","floor",1,100
"journey","flower",1,100
"journey","food",1,100
"journey","foot",1,100
"journey","forest",1,100
"journey","front",1,100
"journey","garbage",1,100
"journey","gate",1,100
"journey","george",1,100
"journey","giant",1,100
"journey","girl",1,100
"journey","glass",1,100
"journey","gold",1,100
"journey","golden",1,100
"journey","gondola",1,100
"journey","gray",1,100
"journey","green",1,100
"journey","ground",1,100
"journey","group",1,100
"journey","guard",1,100
"journey","gun",1,100
"journey","hall",1,100
"journey","hallway",1,100
"journey","hand",1,100
"journey","head",1,100
"journey","heel",1,100
"journey","height",1,100
"journey","helmet",1,100
"journey","house",1,100
"journey","hydrant",1,100
"journey","image",1,100
"journey","in",1,100
"journey","inflatable",1,100
"journey","inflation",1,100
"journey","intent",1,100
"journey","iphone",1,100
"journey","issue",1,100
"journey","item",1,100
"journey","key",1,100
"journey","kind",1,100
"journey","kitchen",1,100
"journey","kite",1,100
"journey","knight",1,100
"journey","ladder",1,100
"journey","lake",1,100
"journey","lamp",1,100
"journey","land",1,100
"journey","landing",1,100
"journey","landscape",1,100
"journey","languishing",1,100
"journey","lantern",1,100
"journey","leap",1,100
"journey","leave",1,100
"journey","length",1,100
"journey","level",1,100
"journey","lid",1,100
"journey","light",1,100
"journey","limit",1,100
"journey","lindy",1,100
"journey","little",1,100
"journey","lot",1,100
"journey","machinery",1,100
"journey","magic",1,100
"journey","magical",1,100
"journey","mail",1,100
"journey","mailbox",1,100
"journey","man",1,100
"journey","matter",1,100
"journey","media",1,100
"journey","metal",1,100
"journey","military",1,100
"journey","minaret",1,100
"journey","minute",1,100
"journey","moat",1,100
"journey","mock",1,100
"journey","moment",1,100
"journey","morella",1,100
"journey","mother",1,100
"journey","mothership",1,100
"journey","motorized",1,100
"journey","net",1,100
"journey","night",1,100
"journey","number",1,100
"journey","one",1,100
"journey","pad",1,100
"journey","paddle",1,100
"journey","page",1,100
"journey","pagoday",1,100
"journey","palm",1,100
"journey","pan",1,100
"journey","papers",1,100
"journey","park",1,100
"journey","parody",1,100
"journey","peacock",1,100
"journey","pedal",1,100
"journey","pens",1,100
"journey","people",1,100
"journey","phone",1,100
"journey","picture",1,100
"journey","pier",1,100
"journey","pigeon",1,100
"journey","platform",1,100
"journey","pole",1,100
"journey","ponderay",1,100
"journey","portion",1,100
"journey","process",1,100
"journey","professor",1,100
"journey","propeller",1,100
"journey","purple",1,100
"journey","question",1,100
"journey","range",1,100
"journey","rectangle",1,100
"journey","regard",1,100
"journey","ride",1,100
"journey","river",1,100
"journey","road",1,100
"journey","roads",1,100
"journey","room",1,100
"journey","sail",1,100
"journey","saucepan",1,100
"journey","scanner",1,100
"journey","scene",1,100
"journey","scooter",1,100
"journey","screen",1,100
"journey","screw",1,100
"journey","sculptor",1,100
"journey","sculpture",1,100
"journey","shape",1,100
"journey","shirt",1,100
"journey","shoulder",1,100
"journey","shoulders",1,100
"journey","side",1,100
"journey","sidewall",1,100
"journey","skateboard",1,100
"journey","sky",1,100
"journey","smoke",1,100
"journey","sofa",1,100
"journey","sort",1,100
"journey","spare",1,100
"journey","spear",1,100
"journey","st",1,100
"journey","stage",1,100
"journey","staircase",1,100
"journey","star",1,100
"journey","statue",1,100
"journey","steam",1,100
"journey","steamer",1,100
"journey","step",1,100
"journey","stomach",1,100
"journey","stove",1,100
"journey","stream",1,100
"journey","street",1,100
"journey","student",1,100
"journey","style",1,100
"journey","summer",1,100
"journey","sun",1,100
"journey","suzuya",1,100
"journey","table",1,100
"journey","tail",1,100
"journey","tandem",1,100
"journey","telephone",1,100
"journey","thing",1,100
"journey","third",1,100
"journey","ticket",1,100
"journey","tire",1,100
"journey","top",1,100
"journey","tower",1,100
"journey","towers",1,100
"journey","traffic",1,100
"journey","transform",1,100
"journey","tree",1,100
"journey","tributary",1,100
"journey","trunk",1,100
"journey","tudor",1,100
"journey","type",1,100
"journey","vane",1,100
"journey","volume",1,100
"journey","vote",1,100
"journey","wall",1,100
"journey","water",1,100
"journey","waterfall",1,100
"journey","way",1,100
"journey","weather",1,100
"journey","welcome",1,100
"journey","wheel",1,100
"journey","where",1,100
"journey","wife",1,100
"journey","wind",1,100
"journey","windmill",1,100
"journey","wire",1,100
"journey","wood",1,100
"journey","workings",1,100
"journey","wrist",1,100
"journey","writing",1,100
"journey","year",1,100
"make_a_splash","adult",1,100
"make_a_splash","amelia",1,100
"make_a_splash","annies",1,100
"make_a_splash","bowl",1,100
"make_a_splash","brian",1,100
"make_a_splash","bridge",1,100
"make_a_splash","child",1,100
"make_a_splash","client",1,100
"make_a_splash","courage",1,100
"make_a_splash","day",1,100
"make_a_splash","distance",1,100
"make_a_splash","dragon",1,100
"make_a_splash","elephant",1,100
"make_a_splash","equipment",1,100
"make_a_splash","family",1,100
"make_a_splash","fear",1,100
"make_a_splash","flume",1,100
"make_a_splash","formance",1,100
"make_a_splash","frog",1,100
"make_a_splash","galavant",1,100
"make_a_splash","gam",1,100
"make_a_splash","giant",1,100
"make_a_splash","head",1,100
"make_a_splash","height",1,100
"make_a_splash","horn",1,100
"make_a_splash","hose",1,100
"make_a_splash","hundred",1,100
"make_a_splash","leave",1,100
"make_a_splash","lot",1,100
"make_a_splash","nose",1,100
"make_a_splash","page",1,100
"make_a_splash","park",1,100
"make_a_splash","path",1,100
"make_a_splash","pee",1,100
"make_a_splash","penguin",1,100
"make_a_splash","people",1,100
"make_a_splash","pipe",1,100
"make_a_splash","place",1,100
"make_a_splash","pointy",1,100
"make_a_splash","purpose",1,100
"make_a_splash","scene",1,100
"make_a_splash","ship",1,100
"make_a_splash","slide",1,100
"make_a_splash","slides",1,100
"make_a_splash","snowflake",1,100
"make_a_splash","splash",1,100
"make_a_splash","top",1,100
"make_a_splash","trunk",1,100
"make_a_splash","tunnel",1,100
"make_a_splash","water",1,100
"make_a_splash","wee",1,100
"make_a_splash","year",1,100
"quest-1","a",1,100
"quest-1","adventure",1,100
"quest-1","age",1,100
"quest-1","ages",1,100
"quest-1","ago",1,100
"quest-1","angle",1,100
"quest-1","aqua",1,100
"quest-1","aqualung",1,100
"quest-1","aqueduct",1,100
"quest-1","archway",1,100
"quest-1","atlantis",1,100
"quest-1","autumn",1,100
"quest-1","aztec",1,100
"quest-1","back",1,100
"quest-1","background",1,100
"quest-1","bag",1,100
"quest-1","bandelier",1,100
"quest-1","bandolier",1,100
"quest-1","basket",1,100
"quest-1","bay",1,100
"quest-1","beard",1,100
"quest-1","being",1,100
"quest-1","bench",1,100
"quest-1","bicycle",1,100
"quest-1","bird",1,100
"quest-1","bit",1,100
"quest-1","boat",1,100
"quest-1","boats",1,100
"quest-1","body",1,100
"quest-1","book",1,100
"quest-1","bottom",1,100
"quest-1","boy",1,100
"quest-1","bridge",1,100
"quest-1","bubble",1,100
"quest-1","buddha",1,100
"quest-1","build",1,100
"quest-1","building",1,100
"quest-1","bumping",1,100
"quest-1","cartridge",1,100
"quest-1","carving",1,100
"quest-1","castellation",1,100
"quest-1","castle",1,100
"quest-1","centurion",1,100
"quest-1","child",1,100
"quest-1","circle",1,100
"quest-1","city",1,100
"quest-1","cliff",1,100
"quest-1","cloak",1,100
"quest-1","close",1,100
"quest-1","cloud",1,100
"quest-1","clue",1,100
"quest-1","color",1,100
"quest-1","colosseum",1,100
"quest-1","continuation",1,100
"quest-1","coral",1,100
"quest-1","corner",1,100
"quest-1","coupler",1,100
"quest-1","crayon",1,100
"quest-1","darcy",1,100
"quest-1","desert",1,100
"quest-1","design",1,100
"quest-1","detail",1,100
"quest-1","diive",1,100
"quest-1","distance",1,100
"quest-1","door",1,100
"quest-1","doorway",1,100
"quest-1","drawing",1,100
"quest-1","dumbledore",1,100
"quest-1","dynamite",1,100
"quest-1","elephant",1,100
"quest-1","end",1,100
"quest-1","entrance",1,100
"quest-1","escape",1,100
"quest-1","evidence",1,100
"quest-1","fire",1,100
"quest-1","fish",1,100
"quest-1","fist",1,100
"quest-1","flight",1,100
"quest-1","flipper",1,100
"quest-1","forest",1,100
"quest-1","gas",1,100
"quest-1","gaslamp",1,100
"quest-1","gazelle",1,100
"quest-1","girl",1,100
"quest-1","gladiator",1,100
"quest-1","go",1,100
"quest-1","gouge",1,100
"quest-1","grand",1,100
"quest-1","greek",1,100
"quest-1","group",1,100
"quest-1","guard",1,100
"quest-1","guy",1,100
"quest-1","hand",1,100
"quest-1","head",1,100
"quest-1","helmet",1,100
"quest-1","hill",1,100
"quest-1","hold",1,100
"quest-1","howda",1,100
"quest-1","in",1,100
"quest-1","information",1,100
"quest-1","inset",1,100
"quest-1","intent",1,100
"quest-1","interior",1,100
"quest-1","island",1,100
"quest-1","jungle",1,100
"quest-1","key",1,100
"quest-1","lamp",1,100
"quest-1","larger",1,100
"quest-1","leave",1,100
"quest-1","light",1,100
"quest-1","lot",1,100
"quest-1","lung",1,100
"quest-1","man",1,100
"quest-1","management",1,100
"quest-1","map",1,100
"quest-1","mermaid",1,100
"quest-1","minute",1,100
"quest-1","moat",1,100
"quest-1","mountain",1,100
"quest-1","no",1,100
"quest-1","ocean",1,100
"quest-1","octopus",1,100
"quest-1","one",1,100
"quest-1","original",1,100
"quest-1","paddle",1,100
"quest-1","page",1,100
"quest-1","palm",1,100
"quest-1","paper",1,100
"quest-1","parchment",1,100
"quest-1","park",1,100
"quest-1","part",1,100
"quest-1","pathway",1,100
"quest-1","peninsula",1,100
"quest-1","people",1,100
"quest-1","person",1,100
"quest-1","picture",1,100
"quest-1","pointy",1,100
"quest-1","post",1,100
"quest-1","pouch",1,100
"quest-1","puddle",1,100
"quest-1","purple",1,100
"quest-1","purpose",1,100
"quest-1","pursuit",1,100
"quest-1","pyramid",1,100
"quest-1","rain",1,100
"quest-1","rampart",1,100
"quest-1","rhinocero",1,100
"quest-1","rock",1,100
"quest-1","role",1,100
"quest-1","rope",1,100
"quest-1","ruin",1,100
"quest-1","safety",1,100
"quest-1","scene",1,100
"quest-1","seahorse",1,100
"quest-1","seashell",1,100
"quest-1","set",1,100
"quest-1","shark",1,100
"quest-1","shield",1,100
"quest-1","ship",1,100
"quest-1","short",1,100
"quest-1","shoulder",1,100
"quest-1","show",1,100
"quest-1","side",1,100
"quest-1","snow",1,100
"quest-1","soldier",1,100
"quest-1","sort",1,100
"quest-1","spear",1,100
"quest-1","speed",1,100
"quest-1","square",1,100
"quest-1","staircase",1,100
"quest-1","statue",1,100
"quest-1","stick",1,100
"quest-1","swimm",1,100
"quest-1","symbol",1,100
"quest-1","t",1,100
"quest-1","t-shirt",1,100
"quest-1","tail",1,100
"quest-1","tandem",1,100
"quest-1","tech",1,100
"quest-1","temple",1,100
"quest-1","thing",1,100
"quest-1","time",1,100
"quest-1","tit",1,100
"quest-1","top",1,100
"quest-1","tow",1,100
"quest-1","towards",1,100
"quest-1","tower",1,100
"quest-1","towers",1,100
"quest-1","treasure",1,100
"quest-1","tree",1,100
"quest-1","type",1,100
"quest-1","underwater",1,100
"quest-1","wand",1,100
"quest-1","waste",1,100
"quest-1","water",1,100
"quest-1","waterfall",1,100
"quest-1","way",1,100
"quest-1","wizard",1,100
"quest-1","word",1,100
"quest-2","adventure",1,100
"quest-2","afloat",1,100
"quest-2","air",1,100
"quest-2","aqueduct",1,100
"quest-2","armour",1,100
"quest-2","assistance",1,100
"quest-2","aztechie",1,100
"quest-2","back",1,100
"quest-2","background",1,100
"quest-2","bag",1,100
"quest-2","balloon",1,100
"quest-2","band",1,100
"quest-2","bandelier",1,100
"quest-2","bandolierespect",1,100
"quest-2","beard",1,100
"quest-2","beast",1,100
"quest-2","beehive",1,100
"quest-2","beige",1,100
"quest-2","bird",1,100
"quest-2","bit",1,100
"quest-2","board",1,100
"quest-2","boat",1,100
"quest-2","bone",1,100
"quest-2","box",1,100
"quest-2","boy",1,100
"quest-2","bridge",1,100
"quest-2","bubble",1,100
"quest-2","buddha",1,100
"quest-2","building",1,100
"quest-2","cage",1,100
"quest-2","castle",1,100
"quest-2","child",1,100
"quest-2","city",1,100
"quest-2","cityscape",1,100
"quest-2","cliff",1,100
"quest-2","close",1,100
"quest-2","conifer",1,100
"quest-2","construction",1,100
"quest-2","crash",1,100
"quest-2","crayon",1,100
"quest-2","crown",1,100
"quest-2","dark",1,100
"quest-2","day",1,100
"quest-2","disneyland",1,100
"quest-2","distance",1,100
"quest-2","door",1,100
"quest-2","dragonfly",1,100
"quest-2","drawing",1,100
"quest-2","edge",1,100
"quest-2","either",1,100
"quest-2","end",1,100
"quest-2","entertainment",1,100
"quest-2","evidence",1,100
"quest-2","face",1,100
"quest-2","fellow",1,100
"quest-2","fells",1,100
"quest-2","finger",1,100
"quest-2","fist",1,100
"quest-2","flame",1,100
"quest-2","girl",1,100
"quest-2","god",1,100
"quest-2","golden",1,100
"quest-2","goodbye",1,100
"quest-2","grasp",1,100
"quest-2","grasping",1,100
"quest-2","ground",1,100
"quest-2","guard",1,100
"quest-2","hand",1,100
"quest-2","head",1,100
"quest-2","headland",1,100
"quest-2","heavy",1,100
"quest-2","help",1,100
"quest-2","hill",1,100
"quest-2","image",1,100
"quest-2","inscription",1,100
"quest-2","island",1,100
"quest-2","jungle",1,100
"quest-2","king",1,100
"quest-2","ledge",1,100
"quest-2","left",1,100
"quest-2","lot",1,100
"quest-2","machine",1,100
"quest-2","magic",1,100
"quest-2","man",1,100
"quest-2","map",1,100
"quest-2","metal",1,100
"quest-2","middle",1,100
"quest-2","mission",1,100
"quest-2","moat",1,100
"quest-2","mountain",1,100
"quest-2","ocean",1,100
"quest-2","octopus",1,100
"quest-2","one",1,100
"quest-2","original",1,100
"quest-2","pad",1,100
"quest-2","paddle",1,100
"quest-2","page",1,100
"quest-2","park",1,100
"quest-2","part",1,100
"quest-2","people",1,100
"quest-2","phase",1,100
"quest-2","plague",1,100
"quest-2","pointy",1,100
"quest-2","procession",1,100
"quest-2","pursuer",1,100
"quest-2","rainbow",1,100
"quest-2","reach",1,100
"quest-2","rhinocero",1,100
"quest-2","road",1,100
"quest-2","rope",1,100
"quest-2","sailing",1,100
"quest-2","scene",1,100
"quest-2","sculpture",1,100
"quest-2","seashell",1,100
"quest-2","ship",1,100
"quest-2","shoulder",1,100
"quest-2","silver",1,100
"quest-2","sky",1,100
"quest-2","skyscraper",1,100
"quest-2","slat",1,100
"quest-2","slope",1,100
"quest-2","snow",1,100
"quest-2","snowy",1,100
"quest-2","soldier",1,100
"quest-2","sort",1,100
"quest-2","spare",1,100
"quest-2","spear",1,100
"quest-2","spread",1,100
"quest-2","stage",1,100
"quest-2","statue",1,100
"quest-2","stretch",1,100
"quest-2","structure",1,100
"quest-2","supplication",1,100
"quest-2","swing",1,100
"quest-2","tail",1,100
"quest-2","talon",1,100
"quest-2","temple",1,100
"quest-2","thing",1,100
"quest-2","top",1,100
"quest-2","top.",1,100
"quest-2","tower",1,100
"quest-2","towers",1,100
"quest-2","tree",1,100
"quest-2","tunic",1,100
"quest-2","type",1,100
"quest-2","uniform",1,100
"quest-2","view",1,100
"quest-2","water",1,100
"quest-2","waterfall",1,100
"quest-2","window",1,100
"quest-2","wizard",1,100
"quest-2","wonderment",1,100
"quest-2","world",1,100
"return-1","adventure",1,100
"return-1","angle",1,100
"return-1","aqua",1,100
"return-1","aqueduct",1,100
"return-1","architect",1,100
"return-1","area",1,100
"return-1","arm",1,100
"return-1","attack",1,100
"return-1","attacker",1,100
"return-1","background",1,100
"return-1","ball",1,100
"return-1","band",1,100
"return-1","bandolier",1,100
"return-1","base",1,100
"return-1","basement",1,100
"return-1","bathroom",1,100
"return-1","beard",1,100
"return-1","bed",1,100
"return-1","bedroom",1,100
"return-1","bird",1,100
"return-1","bit",1,100
"return-1","boa",1,100
"return-1","boat",1,100
"return-1","bottom",1,100
"return-1","boy",1,100
"return-1","building",1,100
"return-1","cap",1,100
"return-1","castle",1,100
"return-1","cat",1,100
"return-1","cell",1,100
"return-1","chair",1,100
"return-1","child",1,100
"return-1","city",1,100
"return-1","clockwork",1,100
"return-1","coat",1,100
"return-1","coffee",1,100
"return-1","cog",1,100
"return-1","crayon",1,100
"return-1","creature",1,100
"return-1","crown",1,100
"return-1","cupboard",1,100
"return-1","decoration",1,100
"return-1","defense",1,100
"return-1","desk",1,100
"return-1","door",1,100
"return-1","doorway",1,100
"return-1","drafting",1,100
"return-1","draftsman",1,100
"return-1","drawer",1,100
"return-1","ear",1,100
"return-1","edge",1,100
"return-1","end",1,100
"return-1","entrance",1,100
"return-1","evidence",1,100
"return-1","expression",1,100
"return-1","eye",1,100
"return-1","fellow",1,100
"return-1","figurehead",1,100
"return-1","floor",1,100
"return-1","floorespect",1,100
"return-1","forest",1,100
"return-1","front",1,100
"return-1","girl",1,100
"return-1","gizmo",1,100
"return-1","greeting",1,100
"return-1","grinder",1,100
"return-1","ground",1,100
"return-1","hallway",1,100
"return-1","hand",1,100
"return-1","head",1,100
"return-1","heating",1,100
"return-1","helmet",1,100
"return-1","horse",1,100
"return-1","image",1,100
"return-1","journal",1,100
"return-1","king",1,100
"return-1","kitchen",1,100
"return-1","kite",1,100
"return-1","lamp",1,100
"return-1","landing",1,100
"return-1","lantern",1,100
"return-1","life",1,100
"return-1","light",1,100
"return-1","magic",1,100
"return-1","man",1,100
"return-1","map",1,100
"return-1","mechanism",1,100
"return-1","middle",1,100
"return-1","moat",1,100
"return-1","moon",1,100
"return-1","night",1,100
"return-1","nose",1,100
"return-1","number",1,100
"return-1","paddle",1,100
"return-1","page",1,100
"return-1","pagoday",1,100
"return-1","pair",1,100
"return-1","people",1,100
"return-1","person",1,100
"return-1","picture",1,100
"return-1","pier",1,100
"return-1","player",1,100
"return-1","portal",1,100
"return-1","red.",1,100
"return-1","river",1,100
"return-1","room",1,100
"return-1","servants",1,100
"return-1","set",1,100
"return-1","shiny",1,100
"return-1","short",1,100
"return-1","shorts",1,100
"return-1","shoulder",1,100
"return-1","side",1,100
"return-1","sign",1,100
"return-1","silhouette",1,100
"return-1","sink",1,100
"return-1","soldier",1,100
"return-1","sort",1,100
"return-1","spear",1,100
"return-1","spread",1,100
"return-1","stage",1,100
"return-1","stair",1,100
"return-1","staircase",1,100
"return-1","star",1,100
"return-1","stars",1,100
"return-1","story",1,100
"return-1","stove",1,100
"return-1","stream",1,100
"return-1","street",1,100
"return-1","string",1,100
"return-1","sword",1,100
"return-1","system",1,100
"return-1","table",1,100
"return-1","thing",1,100
"return-1","this",1,100
"return-1","top",1,100
"return-1","towards",1,100
"return-1","towers",1,100
"return-1","traffic",1,100
"return-1","tree",1,100
"return-1","triple",1,100
"return-1","trojan",1,100
"return-1","trumpet",1,100
"return-1","type",1,100
"return-1","uniform",1,100
"return-1","wall",1,100
"return-1","wallpaper",1,100
"return-1","way",1,100
"return-1","weapon",1,100
"return-1","wind",1,100
"return-1","window",1,100
"return-1","world",1,100
"return-2","adventure",1,100
"return-2","age",1,100
"return-2","air",1,100
"return-2","anguish",1,100
"return-2","arm",1,100
"return-2","back",1,100
"return-2","background",1,100
"return-2","bandolier",1,100
"return-2","bear",1,100
"return-2","beard",1,100
"return-2","beast",1,100
"return-2","bird",1,100
"return-2","bit",1,100
"return-2","boat",1,100
"return-2","bottom",1,100
"return-2","bow",1,100
"return-2","boy",1,100
"return-2","building",1,100
"return-2","butterfly",1,100
"return-2","cage",1,100
"return-2","castle",1,100
"return-2","cave",1,100
"return-2","caveman",1,100
"return-2","character",1,100
"return-2","child",1,100
"return-2","cityscape",1,100
"return-2","coffee",1,100
"return-2","contraption",1,100
"return-2","coral",1,100
"return-2","crayon",1,100
"return-2","creature",1,100
"return-2","crown",1,100
"return-2","dinosaur",1,100
"return-2","direction",1,100
"return-2","distance",1,100
"return-2","doorway",1,100
"return-2","dragonfly",1,100
"return-2","drawing",1,100
"return-2","ear",1,100
"return-2","empty",1,100
"return-2","escape",1,100
"return-2","evidence",1,100
"return-2","explosion",1,100
"return-2","face",1,100
"return-2","feather",1,100
"return-2","fish",1,100
"return-2","fishes",1,100
"return-2","flash",1,100
"return-2","front",1,100
"return-2","garden",1,100
"return-2","girl",1,100
"return-2","graffito",1,100
"return-2","griffin",1,100
"return-2","grind",1,100
"return-2","grinder",1,100
"return-2","ground",1,100
"return-2","guard",1,100
"return-2","half",1,100
"return-2","hand",1,100
"return-2","head",1,100
"return-2","hill",1,100
"return-2","hold",1,100
"return-2","horse",1,100
"return-2","image",1,100
"return-2","inscription",1,100
"return-2","inside",1,100
"return-2","island",1,100
"return-2","king",1,100
"return-2","kite",1,100
"return-2","landscape",1,100
"return-2","lights",1,100
"return-2","lot",1,100
"return-2","machine",1,100
"return-2","magic",1,100
"return-2","man",1,100
"return-2","moon",1,100
"return-2","mountain",1,100
"return-2","object",1,100
"return-2","octopus",1,100
"return-2","on",1,100
"return-2","out",1,100
"return-2","page",1,100
"return-2","pagoday",1,100
"return-2","part",1,100
"return-2","people",1,100
"return-2","periscope",1,100
"return-2","person",1,100
"return-2","petroglyph",1,100
"return-2","pillar",1,100
"return-2","pocket",1,100
"return-2","posturer",1,100
"return-2","pot",1,100
"return-2","pursuer",1,100
"return-2","pursuit",1,100
"return-2","reef",1,100
"return-2","scene",1,100
"return-2","screen",1,100
"return-2","sea",1,100
"return-2","seascape",1,100
"return-2","shadow",1,100
"return-2","shiny",1,100
"return-2","shirt",1,100
"return-2","shoulder",1,100
"return-2","show",1,100
"return-2","side",1,100
"return-2","sky",1,100
"return-2","spark",1,100
"return-2","spear",1,100
"return-2","star",1,100
"return-2","stick",1,100
"return-2","stone",1,100
"return-2","submarine",1,100
"return-2","swing",1,100
"return-2","top",1,100
"return-2","trojan",1,100
"return-2","underwater",1,100
"return-2","wafe",1,100
"return-2","wall",1,100
"return-2","way",1,100
"return-2","wing",1,100
"return-2","word",1,100
"return-2","world",1,100
"unfriendly_giants","advance",1,100
"unfriendly_giants","attempt",1,100
"unfriendly_giants","bash",1,100
"unfriendly_giants","beard",1,100
"unfriendly_giants","belt",1,100
"unfriendly_giants","bouquet",1,100
"unfriendly_giants","building",1,100
"unfriendly_giants","castle",1,100
"unfriendly_giants","chess",1,100
"unfriendly_giants","defense",1,100
"unfriendly_giants","dry",1,100
"unfriendly_giants","effect",1,100
"unfriendly_giants","engine",1,100
"unfriendly_giants","fact",1,100
"unfriendly_giants","farm",1,100
"unfriendly_giants","female",1,100
"unfriendly_giants","figure",1,100
"unfriendly_giants","figurine",1,100
"unfriendly_giants","flower",1,100
"unfriendly_giants","giant",1,100
"unfriendly_giants","head",1,100
"unfriendly_giants","hope",1,100
"unfriendly_giants","john",1,100
"unfriendly_giants","journey",1,100
"unfriendly_giants","land",1,100
"unfriendly_giants","leaf",1,100
"unfriendly_giants","lot",1,100
"unfriendly_giants","mallet",1,100
"unfriendly_giants","marauding",1,100
"unfriendly_giants","miniature",1,100
"unfriendly_giants","one",1,100
"unfriendly_giants","people",1,100
"unfriendly_giants","piece",1,100
"unfriendly_giants","pond",1,100
"unfriendly_giants","prisoner",1,100
"unfriendly_giants","process",1,100
"unfriendly_giants","sail",1,100
"unfriendly_giants","scroll",1,100
"unfriendly_giants","spear",1,100
"unfriendly_giants","stone",1,100
"unfriendly_giants","straw",1,100
"unfriendly_giants","structure",1,100
"unfriendly_giants","swarm",1,100
"unfriendly_giants","time",1,100
"unfriendly_giants","trap",1,100
"unfriendly_giants","tree",1,100
"unfriendly_giants","village",1,100
"unfriendly_giants","waldo",1,100
"unfriendly_giants","way",1,100
"unfriendly_giants","windmill",1,100
"unfriendly_giants","wizard",1,100
"unfriendly_giants","wooden",1,100
"wanderer","angler",1,100
"wanderer","angular",1,100
"wanderer","back",1,100
"wanderer","beak",1,100
"wanderer","beast",1,100
"wanderer","bird",1,100
"wanderer","bit",1,100
"wanderer","bloater",1,100
"wanderer","boat",1,100
"wanderer","boat.",1,100
"wanderer","boats",1,100
"wanderer","body",1,100
"wanderer","book",1,100
"wanderer","bottom",1,100
"wanderer","bubble",1,100
"wanderer","bull",1,100
"wanderer","castle",1,100
"wanderer","child",1,100
"wanderer","color",1,100
"wanderer","coral",1,100
"wanderer","costume",1,100
"wanderer","couple",1,100
"wanderer","creature",1,100
"wanderer","crevice",1,100
"wanderer","demon",1,100
"wanderer","dimness",1,100
"wanderer","distance",1,100
"wanderer","eagle",1,100
"wanderer","edge",1,100
"wanderer","end",1,100
"wanderer","exercise",1,100
"wanderer","eye",1,100
"wanderer","face",1,100
"wanderer","fin",1,100
"wanderer","fish",1,100
"wanderer","fishing",1,100
"wanderer","flamingo",1,100
"wanderer","flock",1,100
"wanderer","front",1,100
"wanderer","gannett",1,100
"wanderer","giant",1,100
"wanderer","gotta",1,100
"wanderer","grove",1,100
"wanderer","growth",1,100
"wanderer","halloween",1,100
"wanderer","hand",1,100
"wanderer","harlequin",1,100
"wanderer","harpoon",1,100
"wanderer","hat",1,100
"wanderer","heap",1,100
"wanderer","horizon",1,100
"wanderer","horse",1,100
"wanderer","image",1,100
"wanderer","island",1,100
"wanderer","lake",1,100
"wanderer","leave",1,100
"wanderer","line",1,100
"wanderer","lobster",1,100
"wanderer","lot",1,100
"wanderer","lots",1,100
"wanderer","manner",1,100
"wanderer","manta",1,100
"wanderer","minute",1,100
"wanderer","moray",1,100
"wanderer","need",1,100
"wanderer","novel",1,100
"wanderer","number",1,100
"wanderer","ocean",1,100
"wanderer","one",1,100
"wanderer","origami",1,100
"wanderer","page",1,100
"wanderer","paper",1,100
"wanderer","people",1,100
"wanderer","picture",1,100
"wanderer","piece",1,100
"wanderer","plant",1,100
"wanderer","pointy",1,100
"wanderer","pond",1,100
"wanderer","propeller",1,100
"wanderer","quincy",1,100
"wanderer","ray",1,100
"wanderer","reed",1,100
"wanderer","reef",1,100
"wanderer","representative",1,100
"wanderer","ri",1,100
"wanderer","right",1,100
"wanderer","rod",1,100
"wanderer","root",1,100
"wanderer","sailfish",1,100
"wanderer","scenario",1,100
"wanderer","scene",1,100
"wanderer","score",1,100
"wanderer","screen",1,100
"wanderer","screenshot",1,100
"wanderer","sea",1,100
"wanderer","seahorse",1,100
"wanderer","selection",1,100
"wanderer","series",1,100
"wanderer","shape",1,100
"wanderer","shapes",1,100
"wanderer","shark",1,100
"wanderer","ship",1,100
"wanderer","shoal",1,100
"wanderer","side",1,100
"wanderer","size",1,100
"wanderer","sort",1,100
"wanderer","spooky",1,100
"wanderer","spot",1,100
"wanderer","spotty",1,100
"wanderer","spread",1,100
"wanderer","squid",1,100
"wanderer","stripe",1,100
"wanderer","stripey",1,100
"wanderer","submarine",1,100
"wanderer","swamp",1,100
"wanderer","tail",1,100
"wanderer","tentacle",1,100
"wanderer","tern",1,100
"wanderer","thing",1,100
"wanderer","time",1,100
"wanderer","top",1,100
"wanderer","transpire",1,100
"wanderer","tree",1,100
"wanderer","turn",1,100
"wanderer","turtle",1,100
"wanderer","unit",1,100
"wanderer","variety",1,100
"wanderer","water",1,100
"wanderer","wave",1,100
"wanderer","whale",1,100
"wanderer","wind",1,100
"wanderer","word",1,100
"wanderer","worm",1,100
"wanderer","yacht",1,100
"wild_west","action",1,100
"wild_west","aount",1,100
"wild_west","bag",1,100
"wild_west","band",1,100
"wild_west","bank",1,100
"wild_west","blacksmith",1,100
"wild_west","buffalo",1,100
"wild_west","build",1,100
"wild_west","building",1,100
"wild_west","canva",1,100
"wild_west","cart",1,100
"wild_west","cash",1,100
"wild_west","confusion",1,100
"wild_west","cowboy",1,100
"wild_west","evidence",1,100
"wild_west","excitement",1,100
"wild_west","front",1,100
"wild_west","gold",1,100
"wild_west","graveyard",1,100
"wild_west","gun",1,100
"wild_west","hat",1,100
"wild_west","hind",1,100
"wild_west","horse",1,100
"wild_west","hundred",1,100
"wild_west","image",1,100
"wild_west","jail",1,100
"wild_west","ladder",1,100
"wild_west","leg",1,100
"wild_west","livery",1,100
"wild_west","lot",1,100
"wild_west","man",1,100
"wild_west","mine",1,100
"wild_west","one",1,100
"wild_west","page",1,100
"wild_west","people",1,100
"wild_west","picture",1,100
"wild_west","pioneer",1,100
"wild_west","postage",1,100
"wild_west","poster",1,100
"wild_west","robber",1,100
"wild_west","rush",1,100
"wild_west","saloon",1,100
"wild_west","sheriff",1,100
"wild_west","shootout",1,100
"wild_west","shop",1,100
"wild_west","side",1,100
"wild_west","stagecoach",1,100
"wild_west","staircase",1,100
"wild_west","stamps",1,100
"wild_west","steam",1,100
"wild_west","stetson",1,100
"wild_west","street",1,100
"wild_west","sunset",1,100
"wild_west","theme",1,100
"wild_west","time",1,100
"wild_west","town",1,100
"wild_west","train",1,100
"wild_west","travel",1,100
"wild_west","wagon",1,100
"wild_west","waldo",1,100
"wild_west","wall",1,100
"wild_west","watch",1,100
"wild_west","while",1,100
"wild_west","wild",1,100
"wild_west","word",1,100
